Front	Back	Tags
[핵심개념] 수의계약	<b>출제 포인트</b>: 수의계약은 경쟁절차를 거치지 않아 절차가 간소하고 신속한 계약 체결에 유리하지만, 경쟁성이 낮아 공정성·투명성 확보에는 한계가 있다.<br><br><b>문제 연결</b>: 이 문제는 부정형이다. 수의계약은 절차 간소화와 신속성이 장점이지만, 공정성 및 투명성 확보는 경쟁입찰 방식의 장점에 가깝다.<br><b>출처</b>: docs/(공개용)공공조달관리사 수험자용 예제문제.pdf#page=2	subject_1 S1.M2.SB4.D1 negative concept
[부정형] 수의계약의 장점과 거리가 먼 것은?<br><br>① 절차 간소화<br>② 신속한 계약 체결<br>③ 공정성 및 투명성 확보<br>④ 조달기관에 적합한 조달 대상물을 확보할 가능성 향상	<b>정답</b>: ③ 공정성 및 투명성 확보<br><br>이 문제는 부정형이다. 수의계약은 절차 간소화와 신속성이 장점이지만, 공정성 및 투명성 확보는 경쟁입찰 방식의 장점에 가깝다.<br><br><b>근거</b>: 수의계약은 경쟁절차를 거치지 않아 절차가 간소하고 신속한 계약 체결에 유리하지만, 경쟁성이 낮아 공정성·투명성 확보에는 한계가 있다.<br><b>출처</b>: docs/(공개용)공공조달관리사 수험자용 예제문제.pdf#page=2	subject_1 S1.M2.SB4.D1 negative source
수의계약에서 조심할 선택지는?<br><br>수의계약의 장점과 거리가 먼 것은?	① 절차 간소화 — 수의계약은 경쟁입찰보다 절차 부담이 작아 장점에 해당한다.<br>② 신속한 계약 체결 — 긴급하거나 특수한 사정에서는 신속하게 계약할 수 있다는 점이 장점이다.<br>③ 공정성 및 투명성 확보 — 경쟁성이 제한되므로 공정성 및 투명성 확보는 수의계약의 장점으로 보기 어렵다.<br>④ 조달기관에 적합한 조달 대상물을 확보할 가능성 향상 — 특정 사정에 맞는 상대방과 계약할 수 있어 적합한 조달 대상 확보 가능성이 높아질 수 있다.<br><br><b>난이도</b>: 함정	subject_1 S1.M2.SB4.D1 negative trap
[핵심개념] 계약의 해제·해지에 관한 규정	<b>출제 포인트</b>: 해지는 계속적 계약관계에서 장래에 향하여 계약의 효력을 소멸시키는 일방적 의사표시이고, 해제는 계약 효력을 소급적으로 소멸시키는 행위로 구별된다.<br><br><b>문제 연결</b>: 장래에 대하여 계약의 효력을 소멸시키는 것은 해지다. 해제는 원칙적으로 소급효가 문제 되고, 철회와 취소는 계약 효력 소멸의 장래효 설명과 다르다.<br><b>출처</b>: docs/(공개용)공공조달관리사 수험자용 예제문제.pdf#page=2	subject_1 S1.M5.SB1.D3 concept-diff concept
[개념 구별] 당사자 일방의 의사표시에 의하여 유효하게 성립된 계약의 효력을 장래에 대하여 소멸시키는 행위는?<br><br>① 해제<br>② 해지<br>③ 철회<br>④ 취소	<b>정답</b>: ② 해지<br><br>장래에 대하여 계약의 효력을 소멸시키는 것은 해지다. 해제는 원칙적으로 소급효가 문제 되고, 철회와 취소는 계약 효력 소멸의 장래효 설명과 다르다.<br><br><b>근거</b>: 해지는 계속적 계약관계에서 장래에 향하여 계약의 효력을 소멸시키는 일방적 의사표시이고, 해제는 계약 효력을 소급적으로 소멸시키는 행위로 구별된다.<br><b>출처</b>: docs/(공개용)공공조달관리사 수험자용 예제문제.pdf#page=2	subject_1 S1.M5.SB1.D3 concept-diff source
계약의 해제·해지에 관한 규정에서 조심할 선택지는?<br><br>당사자 일방의 의사표시에 의하여 유효하게 성립된 계약의 효력을 장래에 대하여 소멸시키는 행위는?	① 해제 — 해제는 장래효가 아니라 계약관계를 처음부터 없던 것처럼 돌리는 소급효와 연결된다.<br>② 해지 — 해지는 계속적 계약관계의 효력을 장래에 향하여 소멸시키므로 정답이다.<br>③ 철회 — 철회는 의사표시가 효력을 발생하기 전 거두는 개념으로, 이미 유효한 계약의 장래효 소멸과 다르다.<br>④ 취소 — 취소는 하자 있는 의사표시의 효력을 부정하는 제도이므로 해지와 구별된다.<br><br><b>난이도</b>: 중요	subject_1 S1.M5.SB1.D3 concept-diff trap
[핵심개념] 입찰공고 내용 검토 및 분석	<b>출제 포인트</b>: 입찰공고에는 입찰에 부치는 사항, 계약조건 공시장소, 입찰보증금과 국고귀속, 입찰 관련 비리 신고 사항 등을 명시한다.<br><br><b>문제 연결</b>: 이 문제는 부정형이다. 계약의 중간보고일은 입찰공고 명시 사항으로 제시된 항목이 아니며, 나머지는 입찰공고에서 확인해야 할 사항이다.<br><b>출처</b>: docs/(공개용)공공조달관리사 수험자용 예제문제.pdf#page=3	subject_2 S2.M2.SB3.D2 negative concept
[부정형] 국가를 당사자로 하는 계약에 관한 법령상 입찰공고 명시 사항으로 규정하고 있지 않은 것은?<br><br>① 계약의 중간보고일<br>② 계약하고자 하는 조건을 공시하는 장소<br>③ 입찰 관련 비리의 신고에 관한 사항<br>④ 입찰보증금의 국고귀속에 관한 사항	<b>정답</b>: ① 계약의 중간보고일<br><br>이 문제는 부정형이다. 계약의 중간보고일은 입찰공고 명시 사항으로 제시된 항목이 아니며, 나머지는 입찰공고에서 확인해야 할 사항이다.<br><br><b>근거</b>: 입찰공고에는 입찰에 부치는 사항, 계약조건 공시장소, 입찰보증금과 국고귀속, 입찰 관련 비리 신고 사항 등을 명시한다.<br><b>출처</b>: docs/(공개용)공공조달관리사 수험자용 예제문제.pdf#page=3	subject_2 S2.M2.SB3.D2 negative source
입찰공고 내용 검토 및 분석에서 조심할 선택지는?<br><br>국가를 당사자로 하는 계약에 관한 법령상 입찰공고 명시 사항으로 규정하고 있지 않은 것은?	① 계약의 중간보고일 — 계약의 중간보고일은 입찰공고 명시 사항으로 규정된 항목이 아니므로 정답이다.<br>② 계약하고자 하는 조건을 공시하는 장소 — 계약조건을 공시하는 장소는 입찰자가 조건을 확인하기 위해 공고에 명시되는 사항이다.<br>③ 입찰 관련 비리의 신고에 관한 사항 — 입찰 관련 비리 신고 사항은 입찰공고 명시 사항에 포함된다.<br>④ 입찰보증금의 국고귀속에 관한 사항 — 입찰보증금의 국고귀속에 관한 사항은 입찰보증금 제도와 함께 공고에서 확인해야 한다.<br><br><b>난이도</b>: 함정	subject_2 S2.M2.SB3.D2 negative trap
[핵심개념] 협상계약 절차 및 낙찰자 결정	<b>출제 포인트</b>: 협상에 의한 계약체결기준상 계약담당공무원은 협상이 성립된 후 10일 이내에 계약을 체결하여야 한다.<br><br><b>문제 연결</b>: 협상에 의한 계약체결기준의 계약 체결 기한은 협상 성립 후 10일 이내다. 숫자형 문제이므로 단위까지 함께 기억해야 한다.<br><b>출처</b>: docs/(공개용)공공조달관리사 수험자용 예제문제.pdf#page=3	subject_2 S2.M3.SB4.D2 numeric concept
[숫자 암기] (계약예규) 협상에 의한 계약체결기준상 계약담당공무원은 협상이 성립된 후 며칠 이내에 계약을 체결하여야 하는가?<br><br>① 3일<br>② 5일<br>③ 7일<br>④ 10일	<b>정답</b>: ④ 10일<br><br>협상에 의한 계약체결기준의 계약 체결 기한은 협상 성립 후 10일 이내다. 숫자형 문제이므로 단위까지 함께 기억해야 한다.<br><br><b>근거</b>: 협상에 의한 계약체결기준상 계약담당공무원은 협상이 성립된 후 10일 이내에 계약을 체결하여야 한다.<br><b>출처</b>: docs/(공개용)공공조달관리사 수험자용 예제문제.pdf#page=3	subject_2 S2.M3.SB4.D2 numeric source
협상계약 절차 및 낙찰자 결정에서 조심할 선택지는?<br><br>(계약예규) 협상에 의한 계약체결기준상 계약담당공무원은 협상이 성립된 후 며칠 이내에 계약을 체결하여야 하는가?	① 3일 — 3일은 협상 성립 후 계약 체결 기한이 아니다.<br>② 5일 — 5일은 협상 성립 후 계약 체결 기한이 아니다.<br>③ 7일 — 7일은 협상 성립 후 계약 체결 기한이 아니다.<br>④ 10일 — 10일 이내가 협상 성립 후 계약 체결 기한이므로 정답이다.<br><br><b>난이도</b>: 중요	subject_2 S2.M3.SB4.D2 numeric trap
[핵심개념] 시장조사 방법	<b>출제 포인트</b>: 시장조사는 기존 구매·계약자료, 가격자료, 공급업체 현황, 제품 및 기술 동향 등을 검토하여 조달계획 수립의 기초자료로 활용한다.<br><br><b>문제 연결</b>: 시장조사는 가격자료와 계약자료, 공급업체 및 기술 동향을 확인하는 절차다. 입찰공고 후 시장가격 정보를 전혀 검토하지 않는다는 단정은 부적절하다.<br><b>출처</b>: docs/공식책/공공조달 계획분석.pdf#시장조사	subject_2 S2.M1.SB2.D1 box-multi concept
[박스 다중선택] 공공조달계획 수립 단계의 시장조사 방법으로 적절한 것을 모두 고른 것은?<br><br>ㄱ. 기존 계약자료와 가격자료를 확인한다.<br>ㄴ. 공급 가능한 업체와 제품의 기술 동향을 조사한다.<br>ㄷ. 입찰공고 후에는 시장가격 정보를 검토하지 않는다.<br><br>① ㄱ, ㄴ<br>② ㄱ, ㄷ<br>③ ㄴ, ㄷ<br>④ ㄱ, ㄴ, ㄷ	<b>정답</b>: ① ㄱ, ㄴ<br><br>시장조사는 가격자료와 계약자료, 공급업체 및 기술 동향을 확인하는 절차다. 입찰공고 후 시장가격 정보를 전혀 검토하지 않는다는 단정은 부적절하다.<br><br><b>근거</b>: 시장조사는 기존 구매·계약자료, 가격자료, 공급업체 현황, 제품 및 기술 동향 등을 검토하여 조달계획 수립의 기초자료로 활용한다.<br><b>출처</b>: docs/공식책/공공조달 계획분석.pdf#시장조사	subject_2 S2.M1.SB2.D1 box-multi source
시장조사 방법에서 조심할 선택지는?<br><br>공공조달계획 수립 단계의 시장조사 방법으로 적절한 것을 모두 고른 것은?	① ㄱ, ㄴ — ㄱ과 ㄴ은 시장조사 방법에 해당하고 ㄷ은 부적절하므로 정답이다.<br>② ㄱ, ㄷ — ㄷ은 시장가격 검토를 배제하는 단정이어서 시장조사 취지와 맞지 않는다.<br>③ ㄴ, ㄷ — ㄷ이 포함되어 오답이고, ㄱ도 함께 고려해야 한다.<br>④ ㄱ, ㄴ, ㄷ — ㄷ이 부적절하므로 모두 고른 조합은 정답이 아니다.<br><br><b>난이도</b>: 기초	subject_2 S2.M1.SB2.D1 box-multi trap
[핵심개념] 일반경쟁	<b>출제 포인트</b>: 일반경쟁은 일정한 자격을 갖춘 불특정 다수인이 입찰에 참여할 수 있도록 하는 경쟁적 공공조달 방법이다.<br><br><b>문제 연결</b>: 불특정 다수인이 입찰에 참여할 수 있다는 점이 일반경쟁의 핵심이다. 제한경쟁과 지명경쟁은 참여 범위를 좁히고, 수의계약은 경쟁입찰 방식이 아니다.<br><b>출처</b>: docs/공식책/공공조달의 이해.pdf#경쟁적-공공조달-방법	subject_1 S1.M2.SB3.D1 box-blank concept
[박스 빈칸] 다음 공공조달 방법 설명의 ( )에 들어갈 말은?<br><br><div style='border-left:3px solid #6f8f73;padding-left:10px'>( )은 일정한 자격을 갖춘 불특정 다수인이 입찰에 참여할 수 있도록 하는 경쟁적 공공조달 방법이다.</div><br><br>① 일반경쟁<br>② 제한경쟁<br>③ 지명경쟁<br>④ 수의계약	<b>정답</b>: ① 일반경쟁<br><br>불특정 다수인이 입찰에 참여할 수 있다는 점이 일반경쟁의 핵심이다. 제한경쟁과 지명경쟁은 참여 범위를 좁히고, 수의계약은 경쟁입찰 방식이 아니다.<br><br><b>근거</b>: 일반경쟁은 일정한 자격을 갖춘 불특정 다수인이 입찰에 참여할 수 있도록 하는 경쟁적 공공조달 방법이다.<br><b>출처</b>: docs/공식책/공공조달의 이해.pdf#경쟁적-공공조달-방법	subject_1 S1.M2.SB3.D1 box-blank source
일반경쟁에서 조심할 선택지는?<br><br>다음 공공조달 방법 설명의 ( )에 들어갈 말은?	① 일반경쟁 — 일반경쟁은 불특정 다수의 입찰 참여를 전제로 하므로 정답이다.<br>② 제한경쟁 — 제한경쟁은 일정한 요건으로 참가 범위를 제한하므로 빈칸 설명과 다르다.<br>③ 지명경쟁 — 지명경쟁은 발주기관이 지명한 자를 대상으로 하므로 불특정 다수 참여와 다르다.<br>④ 수의계약 — 수의계약은 경쟁절차 없이 특정 상대방과 계약하는 방식이므로 오답이다.<br><br><b>난이도</b>: 기초	subject_1 S1.M2.SB3.D1 box-blank trap
[핵심개념] 전자조달시스템 개념	<b>출제 포인트</b>: 전자조달시스템은 공고, 입찰, 계약 등 공공조달 절차를 정보통신기술을 활용하여 전자적으로 처리하고 관리하는 시스템이다.<br><br><b>문제 연결</b>: 전자조달시스템은 조달 절차 전반을 전자적으로 처리하고 관리하도록 지원한다. 특정 회계 단계나 내부 결재에 한정되지 않는다.<br><b>출처</b>: docs/공식책/공공조달의 이해.pdf#전자조달시스템-개요	subject_1 S1.M3.SB1.D1 positive concept
[기본형] 전자조달시스템에 대한 설명으로 가장 적절한 것은?<br><br>① 조달 과정의 공고, 입찰, 계약 등 절차를 전자적으로 처리하도록 지원하는 시스템이다.<br>② 계약 체결 이후 대금 지급 단계만 전자적으로 처리하는 회계 전용 시스템이다.<br>③ 수요기관 내부 결재만 처리하며 공급업체는 이용하지 않는 폐쇄형 시스템이다.<br>④ 수의계약을 자동 승인하기 위해 경쟁입찰 절차를 생략하는 시스템이다.	<b>정답</b>: ① 조달 과정의 공고, 입찰, 계약 등 절차를 전자적으로 처리하도록 지원하는 시스템이다.<br><br>전자조달시스템은 조달 절차 전반을 전자적으로 처리하고 관리하도록 지원한다. 특정 회계 단계나 내부 결재에 한정되지 않는다.<br><br><b>근거</b>: 전자조달시스템은 공고, 입찰, 계약 등 공공조달 절차를 정보통신기술을 활용하여 전자적으로 처리하고 관리하는 시스템이다.<br><b>출처</b>: docs/공식책/공공조달의 이해.pdf#전자조달시스템-개요	subject_1 S1.M3.SB1.D1 positive source
전자조달시스템 개념에서 조심할 선택지는?<br><br>전자조달시스템에 대한 설명으로 가장 적절한 것은?	① 조달 과정의 공고, 입찰, 계약 등 절차를 전자적으로 처리하도록 지원하는 시스템이다. — 공고, 입찰, 계약 등 조달 절차 전반을 전자적으로 처리한다는 설명이므로 정답이다.<br>② 계약 체결 이후 대금 지급 단계만 전자적으로 처리하는 회계 전용 시스템이다. — 대금 지급 단계만 처리하는 시스템으로 한정할 수 없다.<br>③ 수요기관 내부 결재만 처리하며 공급업체는 이용하지 않는 폐쇄형 시스템이다. — 전자조달시스템은 수요기관과 공급업체가 함께 활용하는 조달 절차 기반 시스템이다.<br>④ 수의계약을 자동 승인하기 위해 경쟁입찰 절차를 생략하는 시스템이다. — 전자조달시스템은 절차를 전자화하는 것이지 경쟁입찰 절차를 생략하는 장치가 아니다.<br><br><b>난이도</b>: 기초	subject_1 S1.M3.SB1.D1 positive trap
[핵심개념] 공공조달의 정의	<b>출제 포인트</b>: 기본적이면서 협의의 관점에서는 조달 대상물의 공급에 초점을 맞추어 정부나 지방자치단체, 공기업, 준정부기관 같은 공공기관이 국민의 세금을 재원으로 한 공공재정을 활용해 필요한 물품이나 용역(서비스), 공사를 구매하는 일련의 연계된 활동으로 정의할 수 있다.<br><br><b>문제 연결</b>: 협의(전통적) 정의는 조달 대상물의 공급에 초점을 맞춘 구매활동이고, 광의(현대적) 정의는 그 구매활동을 통해 정부정책·제도의 성과를 지원하는 전략적 활용까지 포함한다. 협의와 광의의 설명이 뒤바뀌는 함정에 주의해야 한다.<br><b>출처</b>: docs/공식책/공공조달의 이해.pdf#제1장-제1절-공공조달의-정의	subject_1 S1.M1.SB1.D1 concept-diff concept
[개념 구별] 공공조달의 정의에 관한 설명으로 옳은 것은?<br><br>① 협의의 공공조달은 공공서비스의 실행·관리에 필요한 구매활동을 통해 정부정책과 제도의 성과를 지원하는 활동이다.<br>② 광의의 공공조달은 조달 대상물의 공급에만 초점을 맞춘 전통적 정의에 해당한다.<br>③ 협의의 공공조달은 공공기관이 국민의 세금을 재원으로 한 공공재정을 활용해 필요한 물품·용역·공사를 구매하는 일련의 연계된 활동이다.<br>④ 공공조달은 조달기관이 자체 영리활동으로 조성한 수익을 기본 재원으로 한다.	<b>정답</b>: ③ 협의의 공공조달은 공공기관이 국민의 세금을 재원으로 한 공공재정을 활용해 필요한 물품·용역·공사를 구매하는 일련의 연계된 활동이다.<br><br>협의(전통적) 정의는 조달 대상물의 공급에 초점을 맞춘 구매활동이고, 광의(현대적) 정의는 그 구매활동을 통해 정부정책·제도의 성과를 지원하는 전략적 활용까지 포함한다. 협의와 광의의 설명이 뒤바뀌는 함정에 주의해야 한다.<br><br><b>근거</b>: 기본적이면서 협의의 관점에서는 조달 대상물의 공급에 초점을 맞추어 정부나 지방자치단체, 공기업, 준정부기관 같은 공공기관이 국민의 세금을 재원으로 한 공공재정을 활용해 필요한 물품이나 용역(서비스), 공사를 구매하는 일련의 연계된 활동으로 정의할 수 있다.<br><b>출처</b>: docs/공식책/공공조달의 이해.pdf#제1장-제1절-공공조달의-정의	subject_1 S1.M1.SB1.D1 concept-diff source
공공조달의 정의에서 조심할 선택지는?<br><br>공공조달의 정의에 관한 설명으로 옳은 것은?	① 협의의 공공조달은 공공서비스의 실행·관리에 필요한 구매활동을 통해 정부정책과 제도의 성과를 지원하는 활동이다. — 정책·제도의 성과를 지원하는 활동은 광의(현대적) 정의에 해당하므로 협의로 볼 수 없다.<br>② 광의의 공공조달은 조달 대상물의 공급에만 초점을 맞춘 전통적 정의에 해당한다. — 조달 대상물의 공급에만 초점을 맞춘 것은 협의(전통적) 정의이다.<br>③ 협의의 공공조달은 공공기관이 국민의 세금을 재원으로 한 공공재정을 활용해 필요한 물품·용역·공사를 구매하는 일련의 연계된 활동이다. — 공공재정을 활용한 물품·용역·공사의 구매활동이라는 협의의 정의를 정확히 서술하여 정답이다.<br>④ 공공조달은 조달기관이 자체 영리활동으로 조성한 수익을 기본 재원으로 한다. — 공공조달의 재원은 국민의 세금을 재원으로 한 공공재정이며 자체 영리 수익이 아니다.<br><br><b>난이도</b>: 함정	subject_1 S1.M1.SB1.D1 concept-diff trap
[핵심개념] 공공조달의 목적	<b>출제 포인트</b>: 공공조달의 목표는 정의에 따라 크게 세 가지 차원에서 살펴볼 수 있다. 첫째는 필요한 물품이나 용역(서비스), 공사를 효율성과 효과성을 모두 고려해 공급하는 것이다. 둘째는 법령과 규정, 절차에 부합하도록 책임감 있게 수행해 경쟁성, 투명성, 공정성, 청렴성 등 핵심 가치와 원칙이 준수되도록 하는 것이다. 마지막으로는 국가적 수준에서 정부의 정책과 제도의 실행, 성과를 지원하고 주도하는 역할을 수행하는 것이다.<br><br><b>문제 연결</b>: 공공조달의 목표는 ①효율성·효과성을 고려한 공급, ②법령·절차 준수와 핵심 가치 구현, ③정부 정책·제도의 실행 지원 세 가지다. 조달기관 자체의 이익 창출은 민간의 상업적 구매 목적이지 공공조달의 목적이 아니다.<br><b>출처</b>: docs/공식책/공공조달의 이해.pdf#제1장-1.4-공공조달의-목적	subject_1 S1.M1.SB1.D2 box-multi concept
[박스 다중선택] 공공조달의 목표(목적)에 해당하는 것을 모두 고른 것은?<br><br>ㄱ. 공공부문의 기능과 역할 수행에 필요한 물품·용역(서비스)·공사를 효율성과 효과성을 모두 고려해 공급하는 것<br>ㄴ. 법령과 규정, 절차에 부합하도록 책임감 있게 수행해 경쟁성·투명성·공정성·청렴성이 준수되도록 하는 것<br>ㄷ. 조달기관의 이익 창출을 극대화해 기관의 자체 재정수입을 확대하는 것<br><br>① ㄱ, ㄴ<br>② ㄱ, ㄷ<br>③ ㄴ, ㄷ<br>④ ㄱ, ㄴ, ㄷ	<b>정답</b>: ① ㄱ, ㄴ<br><br>공공조달의 목표는 ①효율성·효과성을 고려한 공급, ②법령·절차 준수와 핵심 가치 구현, ③정부 정책·제도의 실행 지원 세 가지다. 조달기관 자체의 이익 창출은 민간의 상업적 구매 목적이지 공공조달의 목적이 아니다.<br><br><b>근거</b>: 공공조달의 목표는 정의에 따라 크게 세 가지 차원에서 살펴볼 수 있다. 첫째는 필요한 물품이나 용역(서비스), 공사를 효율성과 효과성을 모두 고려해 공급하는 것이다. 둘째는 법령과 규정, 절차에 부합하도록 책임감 있게 수행해 경쟁성, 투명성, 공정성, 청렴성 등 핵심 가치와 원칙이 준수되도록 하는 것이다. 마지막으로는 국가적 수준에서 정부의 정책과 제도의 실행, 성과를 지원하고 주도하는 역할을 수행하는 것이다.<br><b>출처</b>: docs/공식책/공공조달의 이해.pdf#제1장-1.4-공공조달의-목적	subject_1 S1.M1.SB1.D2 box-multi source
공공조달의 목적에서 조심할 선택지는?<br><br>공공조달의 목표(목적)에 해당하는 것을 모두 고른 것은?	① ㄱ, ㄴ — ㄱ과 ㄴ은 공공조달 목표의 첫째·둘째 차원에 그대로 해당하므로 정답이다.<br>② ㄱ, ㄷ — ㄷ은 영리 추구로서 공공조달의 목적이 아니므로 포함될 수 없다.<br>③ ㄴ, ㄷ — ㄱ이 빠져 있고 ㄷ이 포함되어 오답이다.<br>④ ㄱ, ㄴ, ㄷ — ㄷ까지 모두 고르면 영리 추구를 공공조달 목적으로 인정하게 되어 오답이다.<br><br><b>난이도</b>: 기초	subject_1 S1.M1.SB1.D2 box-multi trap
[핵심개념] 공공조달의 범위	<b>출제 포인트</b>: 공공조달의 범위는 물품, 용역(서비스) 및 공사 등 일차적인 구매 대상을 통해, 정부 및 지자체 등 공공부문이 담당해야 할 기능과 역할을 주도하거나 지원할 수 있는 분야를 실질적인 공공조달의 범위로 볼 수 있다.<br><br><b>문제 연결</b>: 공공조달의 범위는 구매 대상물(물품·용역·공사)에서 출발하되, 그 구매를 통해 공공부문의 기능과 역할을 주도·지원할 수 있는 분야까지를 실질적 범위로 본다.<br><b>출처</b>: docs/공식책/공공조달의 이해.pdf#제1장-공공조달의-범위	subject_1 S1.M1.SB1.D3 positive concept
[기본형] 공공조달의 범위에 대한 설명으로 가장 적절한 것은?<br><br>① 물품·용역(서비스)·공사 등 일차적 구매 대상을 통해 공공부문이 담당할 기능과 역할을 주도하거나 지원할 수 있는 분야까지를 실질적 범위로 본다.<br>② 물품 구매에 한정되며 용역(서비스)과 공사는 공공조달의 범위에서 제외된다.<br>③ 공공기관 내부의 인사·조직 관리 활동까지 포함하는 개념이다.<br>④ 공공재정이 투입되지 않는 민간기업의 구매활동도 공공조달의 범위에 포함된다.	<b>정답</b>: ① 물품·용역(서비스)·공사 등 일차적 구매 대상을 통해 공공부문이 담당할 기능과 역할을 주도하거나 지원할 수 있는 분야까지를 실질적 범위로 본다.<br><br>공공조달의 범위는 구매 대상물(물품·용역·공사)에서 출발하되, 그 구매를 통해 공공부문의 기능과 역할을 주도·지원할 수 있는 분야까지를 실질적 범위로 본다.<br><br><b>근거</b>: 공공조달의 범위는 물품, 용역(서비스) 및 공사 등 일차적인 구매 대상을 통해, 정부 및 지자체 등 공공부문이 담당해야 할 기능과 역할을 주도하거나 지원할 수 있는 분야를 실질적인 공공조달의 범위로 볼 수 있다.<br><b>출처</b>: docs/공식책/공공조달의 이해.pdf#제1장-공공조달의-범위	subject_1 S1.M1.SB1.D3 positive source
공공조달의 범위에서 조심할 선택지는?<br><br>공공조달의 범위에 대한 설명으로 가장 적절한 것은?	① 물품·용역(서비스)·공사 등 일차적 구매 대상을 통해 공공부문이 담당할 기능과 역할을 주도하거나 지원할 수 있는 분야까지를 실질적 범위로 본다. — 구매 대상을 통해 공공부문의 기능·역할을 주도·지원하는 분야까지를 범위로 본다는 서술로 정답이다.<br>② 물품 구매에 한정되며 용역(서비스)과 공사는 공공조달의 범위에서 제외된다. — 공공조달의 일차적 구매 대상에는 물품과 함께 용역(서비스)과 공사가 포함된다.<br>③ 공공기관 내부의 인사·조직 관리 활동까지 포함하는 개념이다. — 공공조달의 범위는 조달 대상물의 구매를 축으로 하며 기관 내부의 인사·조직 관리는 해당하지 않는다.<br>④ 공공재정이 투입되지 않는 민간기업의 구매활동도 공공조달의 범위에 포함된다. — 공공재정을 재원으로 한다는 점이 공공조달의 전제이므로 민간기업의 자체 구매는 포함되지 않는다.<br><br><b>난이도</b>: 기초	subject_1 S1.M1.SB1.D3 positive trap
[핵심개념] 공공조달 이해관계자	<b>출제 포인트</b>: 공공조달 정책을 둘러싸고 있는 참여자 및 이해관계자는 크게 정부, 기업, 시민사회, 국민으로 구성된다. 정부 등 공공기관은 구매자로서 최종 사용자, 사업 담당자, 기관과 부서의 책임자 또는 기금의 책임자 등의 역할을 수행한다.<br><br><b>문제 연결</b>: 참여자·이해관계자는 정부, 기업, 시민사회, 국민의 네 축으로 구성된다. 시민사회와 국민을 누락시키는 선택지가 전형적인 오답 함정이다.<br><b>출처</b>: docs/공식책/공공조달의 이해.pdf#제1장-제2절-공공조달-참여자-이해관계자	subject_1 S1.M1.SB2.D3 negative concept
[부정형] 공공조달의 참여자 및 이해관계자에 대한 설명으로 옳지 않은 것은?<br><br>① 정부 등 공공기관은 구매자로서 최종 사용자, 사업 담당자, 기관과 부서의 책임자 등의 역할을 수행한다.<br>② 기업은 공급자로서 국적에 따라 국내기업과 외국기업으로 구분된다.<br>③ 공공조달의 참여자 및 이해관계자는 정부와 기업 두 축으로만 구성된다.<br>④ 국민은 납세자로서 공공조달 재정을 조성하고 실행·관리 과정을 감시하는 최종적 수요자이다.	<b>정답</b>: ③ 공공조달의 참여자 및 이해관계자는 정부와 기업 두 축으로만 구성된다.<br><br>참여자·이해관계자는 정부, 기업, 시민사회, 국민의 네 축으로 구성된다. 시민사회와 국민을 누락시키는 선택지가 전형적인 오답 함정이다.<br><br><b>근거</b>: 공공조달 정책을 둘러싸고 있는 참여자 및 이해관계자는 크게 정부, 기업, 시민사회, 국민으로 구성된다. 정부 등 공공기관은 구매자로서 최종 사용자, 사업 담당자, 기관과 부서의 책임자 또는 기금의 책임자 등의 역할을 수행한다.<br><b>출처</b>: docs/공식책/공공조달의 이해.pdf#제1장-제2절-공공조달-참여자-이해관계자	subject_1 S1.M1.SB2.D3 negative source
공공조달 이해관계자에서 조심할 선택지는?<br><br>공공조달의 참여자 및 이해관계자에 대한 설명으로 옳지 않은 것은?	① 정부 등 공공기관은 구매자로서 최종 사용자, 사업 담당자, 기관과 부서의 책임자 등의 역할을 수행한다. — 정부 등 공공기관이 구매자로서 수행하는 역할을 정확히 서술했다.<br>② 기업은 공급자로서 국적에 따라 국내기업과 외국기업으로 구분된다. — 기업은 국적에 따라 국내기업·외국기업으로, 규모에 따라 대기업~소상공인으로 구분된다.<br>③ 공공조달의 참여자 및 이해관계자는 정부와 기업 두 축으로만 구성된다. — 참여자·이해관계자는 정부, 기업, 시민사회, 국민으로 구성되므로 두 축으로 한정한 서술은 옳지 않다.<br>④ 국민은 납세자로서 공공조달 재정을 조성하고 실행·관리 과정을 감시하는 최종적 수요자이다. — 국민은 납세자이자 조달결과를 경험하는 최종적 수요자이며 감시 기능도 수행한다.<br><br><b>난이도</b>: 중요	subject_1 S1.M1.SB2.D3 negative trap
[핵심개념] 상업적 구매행위 특성	<b>출제 포인트</b>: 민간의 상업적 구매는 공급업체를 선정하고, 계약을 체결해 납품받고, 대금을 지급하는 과정보다는 거래적 행위에 초점을 맞춘다는 특징이 있다. 공공조달과 민간조달은 기본적인 수행 목적, 법규 적용 범위와 수준, 실행 재원, 관리감독 기능과 실행, 관리 책임 측면에서 차이점이 있다.<br><br><b>문제 연결</b>: 상업적 구매는 기업 이익 추구를 위한 거래적 행위이며, 공공조달과는 수행 목적·법규 적용 범위·실행 재원·관리감독·책임 측면에서 구분된다.<br><b>출처</b>: docs/공식책/공공조달의 이해.pdf#제1장-제3절-공공과-민간부문의-구매행위-특성-비교	subject_1 S1.M1.SB3.D1 concept-diff concept
[개념 구별] 민간의 상업적 구매행위의 특성에 대한 설명으로 옳은 것은?<br><br>① 상업적 구매는 이익 창출을 위해 구매목적물을 확보하는 행위로, 거래적 행위에 초점을 맞춘다는 특징이 있다.<br>② 상업적 구매는 공공조달과 실행 재원, 법규 적용 범위가 동일하다.<br>③ ESG경영의 확산으로 상업적 구매는 공공조달과 본질적으로 동일한 행위가 되었다.<br>④ 상업적 구매의 책임은 행정적 책임과 경제적 책임을 동시에 부담하는 데까지 확장된다.	<b>정답</b>: ① 상업적 구매는 이익 창출을 위해 구매목적물을 확보하는 행위로, 거래적 행위에 초점을 맞춘다는 특징이 있다.<br><br>상업적 구매는 기업 이익 추구를 위한 거래적 행위이며, 공공조달과는 수행 목적·법규 적용 범위·실행 재원·관리감독·책임 측면에서 구분된다.<br><br><b>근거</b>: 민간의 상업적 구매는 공급업체를 선정하고, 계약을 체결해 납품받고, 대금을 지급하는 과정보다는 거래적 행위에 초점을 맞춘다는 특징이 있다. 공공조달과 민간조달은 기본적인 수행 목적, 법규 적용 범위와 수준, 실행 재원, 관리감독 기능과 실행, 관리 책임 측면에서 차이점이 있다.<br><b>출처</b>: docs/공식책/공공조달의 이해.pdf#제1장-제3절-공공과-민간부문의-구매행위-특성-비교	subject_1 S1.M1.SB3.D1 concept-diff source
상업적 구매행위 특성에서 조심할 선택지는?<br><br>민간의 상업적 구매행위의 특성에 대한 설명으로 옳은 것은?	① 상업적 구매는 이익 창출을 위해 구매목적물을 확보하는 행위로, 거래적 행위에 초점을 맞춘다는 특징이 있다. — 이익 창출을 위한 확보 행위이자 거래적 행위 중심이라는 서술로 정답이다.<br>② 상업적 구매는 공공조달과 실행 재원, 법규 적용 범위가 동일하다. — 실행 재원과 법규 적용 범위·수준은 공공조달과 민간조달의 대표적 차이점이다.<br>③ ESG경영의 확산으로 상업적 구매는 공공조달과 본질적으로 동일한 행위가 되었다. — ESG는 영리 추구라는 본질에 사회적 책임을 추가로 반영한 것일 뿐 근본적 차이는 유지된다.<br>④ 상업적 구매의 책임은 행정적 책임과 경제적 책임을 동시에 부담하는 데까지 확장된다. — 행정적 책임과 경제적 책임을 동시에 부담하는 것은 공공조달의 특징이며, 민간은 내부 업무 실행과 결과의 책임으로 한정된다.<br><br><b>난이도</b>: 중요	subject_1 S1.M1.SB3.D1 concept-diff trap
[핵심개념] 조직적 구성체계	<b>출제 포인트</b>: 법적인 체계는 「헌법」→「공공조달법」→「공공계약법」→「행정규칙」→「개별 입찰 및 계약조건」 순으로 구체화, 세분화된다.<br><br><b>문제 연결</b>: 법적체계는 상위의 일반규범에서 하위의 개별조건으로 내려가며 구체화된다. 「공공조달법」이 「공공계약법」보다 상위에 온다는 순서를 뒤집는 것이 전형적인 함정이다.<br><b>출처</b>: docs/공식책/공공조달의 이해.pdf#제1장-제4절-공공조달의-법적체계	subject_1 S1.M1.SB4.D1 box-blank concept
[박스 빈칸] 다음은 공공조달의 법적체계이다. ( ㄱ )과 ( ㄴ )에 들어갈 내용으로 옳은 것은?<br><br><div style='border-left:3px solid #6f8f73;padding-left:10px'>「헌법」 → ( ㄱ ) → ( ㄴ ) → 「행정규칙」 → 「개별 입찰 및 계약조건」<br><br>법적인 체계는 위와 같은 순서로 구체화, 세분화된다.</div><br><br>① ㄱ: 「공공조달법」, ㄴ: 「공공계약법」<br>② ㄱ: 「공공계약법」, ㄴ: 「공공조달법」<br>③ ㄱ: 「행정절차법」, ㄴ: 「공공조달법」<br>④ ㄱ: 「공공계약법」, ㄴ: 「지방계약법」	<b>정답</b>: ① ㄱ: 「공공조달법」, ㄴ: 「공공계약법」<br><br>법적체계는 상위의 일반규범에서 하위의 개별조건으로 내려가며 구체화된다. 「공공조달법」이 「공공계약법」보다 상위에 온다는 순서를 뒤집는 것이 전형적인 함정이다.<br><br><b>근거</b>: 법적인 체계는 「헌법」→「공공조달법」→「공공계약법」→「행정규칙」→「개별 입찰 및 계약조건」 순으로 구체화, 세분화된다.<br><b>출처</b>: docs/공식책/공공조달의 이해.pdf#제1장-제4절-공공조달의-법적체계	subject_1 S1.M1.SB4.D1 box-blank source
조직적 구성체계에서 조심할 선택지는?<br><br>다음은 공공조달의 법적체계이다. ( ㄱ )과 ( ㄴ )에 들어갈 내용으로 옳은 것은?	① ㄱ: 「공공조달법」, ㄴ: 「공공계약법」 — 「헌법」 다음에 「공공조달법」, 그다음 「공공계약법」이 오는 순서로 정답이다.<br>② ㄱ: 「공공계약법」, ㄴ: 「공공조달법」 — 「공공계약법」과 「공공조달법」의 순서가 뒤바뀌었다.<br>③ ㄱ: 「행정절차법」, ㄴ: 「공공조달법」 — 법적체계의 단계에 「행정절차법」은 제시되지 않는다.<br>④ ㄱ: 「공공계약법」, ㄴ: 「지방계약법」 — 「지방계약법」은 해당 단계 구분에 제시된 항목이 아니며 순서도 맞지 않는다.<br><br><b>난이도</b>: 함정	subject_1 S1.M1.SB4.D1 box-blank trap
[핵심개념] 공공조달 기본 원칙	<b>출제 포인트</b>: 공통적으로 채택하고 있는 공공조달의 기본원칙은 투명성(Transparency), 비용 대비 가치(VFM: Value For Money), 경쟁성(Competitiveness), 차별 금지와 동등한 대우(Non-discrimination and Equal Treatment), 책임성(Accountability)이다.<br><br><b>문제 연결</b>: 기본원칙 5가지는 투명성, 비용 대비 가치(VFM), 경쟁성, 차별 금지와 동등한 대우, 책임성이다. 위험관리는 OECD 12대 실행원칙에 속하므로 기본원칙과 구별해야 한다.<br><b>출처</b>: docs/공식책/공공조달의 이해.pdf#제2장-1.1-공공조달-기본-원칙	subject_1 S1.M2.SB1.D1 box-multi concept
[박스 다중선택] GPA·UN·세계은행·OECD·EU가 공통적으로 채택하고 있는 공공조달의 기본원칙에 해당하는 것을 모두 고른 것은?<br><br>ㄱ. 비용 대비 가치(VFM: Value For Money)<br>ㄴ. 차별 금지와 동등한 대우(Non-discrimination and Equal Treatment)<br>ㄷ. 위험관리(Risk Management)<br><br>① ㄱ, ㄴ<br>② ㄱ, ㄷ<br>③ ㄴ, ㄷ<br>④ ㄱ, ㄴ, ㄷ	<b>정답</b>: ① ㄱ, ㄴ<br><br>기본원칙 5가지는 투명성, 비용 대비 가치(VFM), 경쟁성, 차별 금지와 동등한 대우, 책임성이다. 위험관리는 OECD 12대 실행원칙에 속하므로 기본원칙과 구별해야 한다.<br><br><b>근거</b>: 공통적으로 채택하고 있는 공공조달의 기본원칙은 투명성(Transparency), 비용 대비 가치(VFM: Value For Money), 경쟁성(Competitiveness), 차별 금지와 동등한 대우(Non-discrimination and Equal Treatment), 책임성(Accountability)이다.<br><b>출처</b>: docs/공식책/공공조달의 이해.pdf#제2장-1.1-공공조달-기본-원칙	subject_1 S1.M2.SB1.D1 box-multi source
공공조달 기본 원칙에서 조심할 선택지는?<br><br>GPA·UN·세계은행·OECD·EU가 공통적으로 채택하고 있는 공공조달의 기본원칙에 해당하는 것을 모두 고른 것은?	① ㄱ, ㄴ — ㄱ(VFM)과 ㄴ(차별 금지와 동등한 대우)은 모두 5대 기본원칙에 포함되므로 정답이다.<br>② ㄱ, ㄷ — ㄷ(위험관리)은 실행원칙에 속해 기본원칙이 아니다.<br>③ ㄴ, ㄷ — ㄱ이 빠지고 실행원칙인 ㄷ이 포함되어 오답이다.<br>④ ㄱ, ㄴ, ㄷ — 실행원칙인 ㄷ까지 기본원칙으로 보게 되어 오답이다.<br><br><b>난이도</b>: 함정	subject_1 S1.M2.SB1.D1 box-multi trap
[핵심개념] 공공조달 실행 원칙	<b>출제 포인트</b>: 공공조달 12대 실행원칙은 투명성, 청렴성, 접근성, 참여, 효율성, 균형성, 전자조달시스템 활용, 역량 개발, 통합, 평가, 위험관리, 책임성이다.<br><br><b>문제 연결</b>: OECD가 2015년 제시한 공공조달 실행원칙은 12가지다. 기본원칙 5가지와 숫자를 혼동하지 않도록 함께 외워두는 것이 좋다.<br><b>출처</b>: docs/공식책/공공조달의 이해.pdf#제2장-1.2-공공조달-실행-원칙	subject_1 S1.M2.SB1.D2 numeric concept
[숫자 암기] 2015년 OECD가 발표한 공공조달 실행을 위한 권고방안의 실행원칙은 모두 몇 가지인가?<br><br>① 8가지<br>② 10가지<br>③ 12가지<br>④ 15가지	<b>정답</b>: ③ 12가지<br><br>OECD가 2015년 제시한 공공조달 실행원칙은 12가지다. 기본원칙 5가지와 숫자를 혼동하지 않도록 함께 외워두는 것이 좋다.<br><br><b>근거</b>: 공공조달 12대 실행원칙은 투명성, 청렴성, 접근성, 참여, 효율성, 균형성, 전자조달시스템 활용, 역량 개발, 통합, 평가, 위험관리, 책임성이다.<br><b>출처</b>: docs/공식책/공공조달의 이해.pdf#제2장-1.2-공공조달-실행-원칙	subject_1 S1.M2.SB1.D2 numeric source
공공조달 실행 원칙에서 조심할 선택지는?<br><br>2015년 OECD가 발표한 공공조달 실행을 위한 권고방안의 실행원칙은 모두 몇 가지인가?	① 8가지 — 8가지는 실행원칙의 수와 맞지 않는다.<br>② 10가지 — 10가지는 실행원칙의 수와 맞지 않는다.<br>③ 12가지 — OECD 공공조달 권고안의 실행원칙은 12대 원칙이므로 정답이다.<br>④ 15가지 — 15가지는 실행원칙의 수와 맞지 않는다.<br><br><b>난이도</b>: 기초	subject_1 S1.M2.SB1.D2 numeric trap
[핵심개념] 중앙집중형 공공조달	<b>출제 포인트</b>: 중앙집형과 분산형 중 단일 모델을 채택하는 경우는 극히 예외적인 경우이며 대부분 2개 유형의 운영체계를 개별 국가의 공공조달 운영 환경을 고려해 병행 채택하는 병립형 모델을 활용하고 있다.<br><br><b>문제 연결</b>: 단일 모델 채택은 극히 예외적이며, 대부분의 국가는 중앙집중형과 분산형을 병행하는 병립형(Hybrid)을 운영한다.<br><b>출처</b>: docs/공식책/공공조달의 이해.pdf#제1장-제4절-공공조달-운영체계-모델	subject_1 S1.M2.SB2.D1 negative concept
[부정형] 공공조달 운영체계 유형에 대한 설명으로 옳지 않은 것은?<br><br>① 중앙집중형은 단일 또는 분야별로 전문화된 국가기관이 국가 내 모든 공공기관의 조달 수요를 전담해 처리하는 형식이다.<br>② 분산형은 공공조달 권한이 부여된 각 조달기관이 자체적으로 조달 실행과 관리를 담당하는 방식이다.<br>③ 실제 각국은 중앙집중형과 분산형 중 하나의 단일 모델만을 채택하는 것이 일반적이다.<br>④ 병립형(Hybrid)은 두 유형의 운영체계를 개별 국가의 운영 환경을 고려해 병행 채택하는 모델이다.	<b>정답</b>: ③ 실제 각국은 중앙집중형과 분산형 중 하나의 단일 모델만을 채택하는 것이 일반적이다.<br><br>단일 모델 채택은 극히 예외적이며, 대부분의 국가는 중앙집중형과 분산형을 병행하는 병립형(Hybrid)을 운영한다.<br><br><b>근거</b>: 중앙집형과 분산형 중 단일 모델을 채택하는 경우는 극히 예외적인 경우이며 대부분 2개 유형의 운영체계를 개별 국가의 공공조달 운영 환경을 고려해 병행 채택하는 병립형 모델을 활용하고 있다.<br><b>출처</b>: docs/공식책/공공조달의 이해.pdf#제1장-제4절-공공조달-운영체계-모델	subject_1 S1.M2.SB2.D1 negative source
중앙집중형 공공조달에서 조심할 선택지는?<br><br>공공조달 운영체계 유형에 대한 설명으로 옳지 않은 것은?	① 중앙집중형은 단일 또는 분야별로 전문화된 국가기관이 국가 내 모든 공공기관의 조달 수요를 전담해 처리하는 형식이다. — 중앙집중형의 정의를 정확히 서술한 것이다.<br>② 분산형은 공공조달 권한이 부여된 각 조달기관이 자체적으로 조달 실행과 관리를 담당하는 방식이다. — 분산형의 정의를 정확히 서술한 것이다.<br>③ 실제 각국은 중앙집중형과 분산형 중 하나의 단일 모델만을 채택하는 것이 일반적이다. — 단일 모델 채택은 극히 예외적이고 대부분 병립형을 활용하므로 옳지 않다.<br>④ 병립형(Hybrid)은 두 유형의 운영체계를 개별 국가의 운영 환경을 고려해 병행 채택하는 모델이다. — 병립형(Hybrid)의 정의를 정확히 서술한 것이다.<br><br><b>난이도</b>: 함정	subject_1 S1.M2.SB2.D1 negative trap
[핵심개념] 소액구매	<b>출제 포인트</b>: 유엔(UN)의 경우 소액구매 한도로 5,000달러를 설정했으며, 사전 승인을 받은 경우 최대 1만 달러까지를 소액구매 방법으로 구매할 수 있다.<br><br><b>문제 연결</b>: 소액구매임곗값(MPT)은 기구·국가별로 다르다. UN은 5,000달러(사전 승인 시 1만 달러), 미국 FAR은 국내 1만 달러·국외 3만 5,000달러다. 두 기준을 바꿔치기하는 함정에 유의해야 한다.<br><b>출처</b>: docs/공식책/공공조달의 이해.pdf#제2장-3.3-수의계약-및-소액구매	subject_1 S1.M2.SB4.D2 numeric concept
[숫자 암기] 유엔(UN)이 운영하는 소액구매 한도와 사전 승인을 받은 경우의 최대 한도를 옳게 짝지은 것은?<br><br>① 5,000달러 – 1만 달러<br>② 1만 달러 – 3만 5,000달러<br>③ 3,000달러 – 5,000달러<br>④ 1만 달러 – 2만 달러	<b>정답</b>: ① 5,000달러 – 1만 달러<br><br>소액구매임곗값(MPT)은 기구·국가별로 다르다. UN은 5,000달러(사전 승인 시 1만 달러), 미국 FAR은 국내 1만 달러·국외 3만 5,000달러다. 두 기준을 바꿔치기하는 함정에 유의해야 한다.<br><br><b>근거</b>: 유엔(UN)의 경우 소액구매 한도로 5,000달러를 설정했으며, 사전 승인을 받은 경우 최대 1만 달러까지를 소액구매 방법으로 구매할 수 있다.<br><b>출처</b>: docs/공식책/공공조달의 이해.pdf#제2장-3.3-수의계약-및-소액구매	subject_1 S1.M2.SB4.D2 numeric source
소액구매에서 조심할 선택지는?<br><br>유엔(UN)이 운영하는 소액구매 한도와 사전 승인을 받은 경우의 최대 한도를 옳게 짝지은 것은?	① 5,000달러 – 1만 달러 — UN의 소액구매 한도 5,000달러와 사전 승인 시 1만 달러를 정확히 짝지어 정답이다.<br>② 1만 달러 – 3만 5,000달러 — 1만 달러와 3만 5,000달러는 미국 연방조달규정(FAR)의 국내·국외 기준이다.<br>③ 3,000달러 – 5,000달러 — 3,000달러와 5,000달러는 UN이 설정한 기준이 아니다.<br>④ 1만 달러 – 2만 달러 — 2만 달러는 어느 기준에도 해당하지 않는다.<br><br><b>난이도</b>: 중요	subject_1 S1.M2.SB4.D2 numeric trap
[핵심개념] 전자조달시스템 유형	<b>출제 포인트</b>: 민간부문의 구매시스템이나 전통적인 공공조달 관행을 반영하려는 경우도 있다. 그러나 이런 형태로 설계, 구축된 시스템은 공공조달을 위한 전자조달시스템이 얻을 수 있는 이점을 확보하기 어렵다.<br><br><b>문제 연결</b>: 민간 구매시스템이나 종이 기반의 전통적 관행을 그대로 옮겨 설계한 시스템은 전자조달시스템 고유의 이점을 얻기 어렵다는 점이 핵심이다.<br><b>출처</b>: docs/공식책/공공조달의 이해.pdf#제3장-1.2-전자조달시스템의-유형	subject_1 S1.M3.SB1.D2 negative concept
[부정형] 전자조달시스템의 발전 과정에 대한 설명으로 옳지 않은 것은?<br><br>① 1970년대 후반 공공조달 데이터의 수집·추적을 목적으로 미국의 연방조달데이터시스템(FPDS) 등이 도입되었다.<br>② 1980~1990년대에는 EDI와 같은 전자적 통신수단을 기반으로 한 문서처리 플랫폼이 사용되기 시작했다.<br>③ 전자적 문서처리 플랫폼의 도입 목적은 업무 시간과 인적 오류 발생 가능성을 줄이는 데 있었다.<br>④ 민간부문의 구매시스템이나 전통적 공공조달 관행을 그대로 반영해 설계할수록 전자조달시스템의 이점을 확보하기 쉽다.	<b>정답</b>: ④ 민간부문의 구매시스템이나 전통적 공공조달 관행을 그대로 반영해 설계할수록 전자조달시스템의 이점을 확보하기 쉽다.<br><br>민간 구매시스템이나 종이 기반의 전통적 관행을 그대로 옮겨 설계한 시스템은 전자조달시스템 고유의 이점을 얻기 어렵다는 점이 핵심이다.<br><br><b>근거</b>: 민간부문의 구매시스템이나 전통적인 공공조달 관행을 반영하려는 경우도 있다. 그러나 이런 형태로 설계, 구축된 시스템은 공공조달을 위한 전자조달시스템이 얻을 수 있는 이점을 확보하기 어렵다.<br><b>출처</b>: docs/공식책/공공조달의 이해.pdf#제3장-1.2-전자조달시스템의-유형	subject_1 S1.M3.SB1.D2 negative source
전자조달시스템 유형에서 조심할 선택지는?<br><br>전자조달시스템의 발전 과정에 대한 설명으로 옳지 않은 것은?	① 1970년대 후반 공공조달 데이터의 수집·추적을 목적으로 미국의 연방조달데이터시스템(FPDS) 등이 도입되었다. — FPDS 등 1970년대 후반 도입 사실을 정확히 서술했다.<br>② 1980~1990년대에는 EDI와 같은 전자적 통신수단을 기반으로 한 문서처리 플랫폼이 사용되기 시작했다. — EDI 기반 문서처리 플랫폼의 도입 시기를 정확히 서술했다.<br>③ 전자적 문서처리 플랫폼의 도입 목적은 업무 시간과 인적 오류 발생 가능성을 줄이는 데 있었다. — 종이 기반 프로세스 탈피의 목적이 시간 단축과 인적 오류 감소였다는 서술은 옳다.<br>④ 민간부문의 구매시스템이나 전통적 공공조달 관행을 그대로 반영해 설계할수록 전자조달시스템의 이점을 확보하기 쉽다. — 전통적 관행을 그대로 반영한 설계는 오히려 이점 확보를 어렵게 하므로 옳지 않다.<br><br><b>난이도</b>: 중요	subject_1 S1.M3.SB1.D2 negative trap
[핵심개념] 종합쇼핑몰 이용절차	<b>출제 포인트</b>: 조달청 종합쇼핑몰은 2006년 다수공급자계약제도가 도입되면서 수요기관이 검증된 공급업체의 물품에 쉽게 접근해 구매할 수 있도록 민간부문의 오픈마켓 같은 개념으로 구축된 디지털마켓플레이스이다. 전자조달시스템의 전자카탈로그 기능과 전자구매 기능을 결합해 구현한 전자적 조달업무 처리 도구이다.<br><br><b>문제 연결</b>: 종합쇼핑몰은 전자카탈로그 + 전자구매를 결합한 디지털마켓플레이스다. 등록 대상은 단가계약·제3자단가계약·다수공급자계약 물품과 용역이며, 납품요구서는 조달청이 발행한다.<br><b>출처</b>: docs/공식책/공공조달의 이해.pdf#제3장-3.1-종합쇼핑몰-활용	subject_1 S1.M3.SB2.D1 positive concept
[기본형] 조달청 종합쇼핑몰에 대한 설명으로 옳은 것은?<br><br>① 2006년 다수공급자계약제도 도입과 함께 구축된 디지털마켓플레이스로, 전자카탈로그 기능과 전자구매 기능을 결합한 것이다.<br>② 종합쇼핑몰에 등록 가능한 물품은 일반경쟁입찰을 거친 물품에 한정된다.<br>③ 수요기관은 물품을 선택한 뒤 공급업체에 직접 납품요구서를 발행한다.<br>④ 조달기업은 종합쇼핑몰을 이용하더라도 매 건마다 별도의 입찰 절차를 거쳐야 한다.	<b>정답</b>: ① 2006년 다수공급자계약제도 도입과 함께 구축된 디지털마켓플레이스로, 전자카탈로그 기능과 전자구매 기능을 결합한 것이다.<br><br>종합쇼핑몰은 전자카탈로그 + 전자구매를 결합한 디지털마켓플레이스다. 등록 대상은 단가계약·제3자단가계약·다수공급자계약 물품과 용역이며, 납품요구서는 조달청이 발행한다.<br><br><b>근거</b>: 조달청 종합쇼핑몰은 2006년 다수공급자계약제도가 도입되면서 수요기관이 검증된 공급업체의 물품에 쉽게 접근해 구매할 수 있도록 민간부문의 오픈마켓 같은 개념으로 구축된 디지털마켓플레이스이다. 전자조달시스템의 전자카탈로그 기능과 전자구매 기능을 결합해 구현한 전자적 조달업무 처리 도구이다.<br><b>출처</b>: docs/공식책/공공조달의 이해.pdf#제3장-3.1-종합쇼핑몰-활용	subject_1 S1.M3.SB2.D1 positive source
종합쇼핑몰 이용절차에서 조심할 선택지는?<br><br>조달청 종합쇼핑몰에 대한 설명으로 옳은 것은?	① 2006년 다수공급자계약제도 도입과 함께 구축된 디지털마켓플레이스로, 전자카탈로그 기능과 전자구매 기능을 결합한 것이다. — 2006년 다수공급자계약제도 도입과 함께 구축된 배경과 결합 기능을 정확히 서술해 정답이다.<br>② 종합쇼핑몰에 등록 가능한 물품은 일반경쟁입찰을 거친 물품에 한정된다. — 등록 가능 물품은 조달청이 체결한 단가계약·제3자단가계약·다수공급자계약 물품과 용역(서비스)이다.<br>③ 수요기관은 물품을 선택한 뒤 공급업체에 직접 납품요구서를 발행한다. — 수요기관은 조달청으로 조달요청서를 발송하고, 납품요구서는 조달청이 발행한다.<br>④ 조달기업은 종합쇼핑몰을 이용하더라도 매 건마다 별도의 입찰 절차를 거쳐야 한다. — 조달기업은 별도의 입찰 절차 없이 납품요구를 받으면 즉시 납품할 수 있다.<br><br><b>난이도</b>: 중요	subject_1 S1.M3.SB2.D1 positive trap
[핵심개념] 혁신장터 활용 계약	"<b>출제 포인트</b>: 혁신제품 지정 후 3년 동안 수의계약이 가능(「국가계약법 시행령」 제26조, 「지방계약법 시행령」 제25조)하며, 필요한 경우 위원회의 심의를 거쳐 최대 3년 범위 내에서 연장할 수 있다.<br><br><b>문제 연결</b>: 혁신제품은 지정 후 3년간 수의계약이 가능하고, 위원회 심의를 거쳐 최대 3년까지 연장할 수 있다. ""연장 불가""로 단정하는 선택지가 함정이다.<br><b>출처</b>: docs/공식책/공공조달의 이해.pdf#제3장-혁신장터-혁신제품-지정"	subject_1 S1.M3.SB2.D2 numeric concept
[숫자 암기] 혁신제품으로 지정된 경우 수의계약이 가능한 기간과 연장 가능 범위를 옳게 짝지은 것은?<br><br>① 지정 후 3년, 위원회 심의를 거쳐 최대 3년 범위 내 연장<br>② 지정 후 2년, 위원회 심의를 거쳐 최대 2년 범위 내 연장<br>③ 지정 후 5년, 연장 불가<br>④ 지정 후 3년, 연장 불가	"<b>정답</b>: ① 지정 후 3년, 위원회 심의를 거쳐 최대 3년 범위 내 연장<br><br>혁신제품은 지정 후 3년간 수의계약이 가능하고, 위원회 심의를 거쳐 최대 3년까지 연장할 수 있다. ""연장 불가""로 단정하는 선택지가 함정이다.<br><br><b>근거</b>: 혁신제품 지정 후 3년 동안 수의계약이 가능(「국가계약법 시행령」 제26조, 「지방계약법 시행령」 제25조)하며, 필요한 경우 위원회의 심의를 거쳐 최대 3년 범위 내에서 연장할 수 있다.<br><b>출처</b>: docs/공식책/공공조달의 이해.pdf#제3장-혁신장터-혁신제품-지정"	subject_1 S1.M3.SB2.D2 numeric source
혁신장터 활용 계약에서 조심할 선택지는?<br><br>혁신제품으로 지정된 경우 수의계약이 가능한 기간과 연장 가능 범위를 옳게 짝지은 것은?	① 지정 후 3년, 위원회 심의를 거쳐 최대 3년 범위 내 연장 — 3년 수의계약과 최대 3년 연장을 정확히 짝지어 정답이다.<br>② 지정 후 2년, 위원회 심의를 거쳐 최대 2년 범위 내 연장 — 기간이 2년이라는 서술은 규정과 다르다.<br>③ 지정 후 5년, 연장 불가 — 수의계약 가능 기간은 5년이 아니며 연장도 가능하다.<br>④ 지정 후 3년, 연장 불가 — 위원회 심의를 거쳐 연장할 수 있으므로 연장 불가는 옳지 않다.<br><br><b>난이도</b>: 중요	subject_1 S1.M3.SB2.D2 numeric trap
[핵심개념] 벤처나라 활용 계약	<b>출제 포인트</b>: 벤처나라에 등록된 창업기업과 벤처기업 제품은 6년간 바로주문, 견적주문 등을 거쳐 공공기관에서 구매할 수 있다. 구매 가능 금액은 추정가격 기준 2,000만 원 이하(여성기업, 장애인기업, 사회적기업 등은 5,000만 원)까지 구매 가능하다.<br><br><b>문제 연결</b>: 벤처나라 구매 한도는 추정가격 2,000만 원 이하가 원칙이며, 여성기업·장애인기업·사회적기업 등은 5,000만 원으로 상향된다. 1인 견적 소액수의계약의 상향 기준과 같은 금액이다.<br><b>출처</b>: docs/공식책/공공조달의 이해.pdf#제3장-벤처나라-활용-계약	subject_1 S1.M3.SB2.D3 numeric concept
[숫자 암기] 벤처나라에 등록된 창업기업·벤처기업 제품의 구매 가능 금액(추정가격 기준)으로 옳은 것은?<br><br>① 일반적으로 2,000만 원 이하, 여성기업·장애인기업·사회적기업 등은 5,000만 원 이하<br>② 일반적으로 5,000만 원 이하, 여성기업·장애인기업·사회적기업 등은 1억 원 이하<br>③ 일반적으로 1,000만 원 이하, 여성기업·장애인기업·사회적기업 등은 2,000만 원 이하<br>④ 기업 유형과 관계없이 일률적으로 2,000만 원 이하	<b>정답</b>: ① 일반적으로 2,000만 원 이하, 여성기업·장애인기업·사회적기업 등은 5,000만 원 이하<br><br>벤처나라 구매 한도는 추정가격 2,000만 원 이하가 원칙이며, 여성기업·장애인기업·사회적기업 등은 5,000만 원으로 상향된다. 1인 견적 소액수의계약의 상향 기준과 같은 금액이다.<br><br><b>근거</b>: 벤처나라에 등록된 창업기업과 벤처기업 제품은 6년간 바로주문, 견적주문 등을 거쳐 공공기관에서 구매할 수 있다. 구매 가능 금액은 추정가격 기준 2,000만 원 이하(여성기업, 장애인기업, 사회적기업 등은 5,000만 원)까지 구매 가능하다.<br><b>출처</b>: docs/공식책/공공조달의 이해.pdf#제3장-벤처나라-활용-계약	subject_1 S1.M3.SB2.D3 numeric source
벤처나라 활용 계약에서 조심할 선택지는?<br><br>벤처나라에 등록된 창업기업·벤처기업 제품의 구매 가능 금액(추정가격 기준)으로 옳은 것은?	① 일반적으로 2,000만 원 이하, 여성기업·장애인기업·사회적기업 등은 5,000만 원 이하 — 2,000만 원 원칙과 5,000만 원 상향 기준을 정확히 서술해 정답이다.<br>② 일반적으로 5,000만 원 이하, 여성기업·장애인기업·사회적기업 등은 1억 원 이하 — 5,000만 원과 1억 원은 벤처나라 구매 한도 기준이 아니다.<br>③ 일반적으로 1,000만 원 이하, 여성기업·장애인기업·사회적기업 등은 2,000만 원 이하 — 1,000만 원·2,000만 원은 규정된 한도와 다르다.<br>④ 기업 유형과 관계없이 일률적으로 2,000만 원 이하 — 여성기업·장애인기업·사회적기업 등은 5,000만 원으로 상향되므로 일률적이지 않다.<br><br><b>난이도</b>: 함정	subject_1 S1.M3.SB2.D3 numeric trap
[핵심개념] 물품목록법령의 개요	<b>출제 포인트</b>: 「물품목록법」은 물품의 분류체계를 통일하고, 물품정보에 관한 자료를 수집, 분석, 정리해 목록화(目錄化)하고 전산화함으로써 물품의 생산, 수급(需給), 관리, 운용 등 모든 분야에서 경제적, 효율적 관리를 지원한다.<br><br><b>문제 연결</b>: 물품목록법의 목적은 분류체계 통일과 물품정보의 목록화·전산화이며, 목록정보시스템은 나라장터와 연계되어 이를 지원한다.<br><b>출처</b>: docs/공식책/공공조달의 이해.pdf#제3장-제4절-목록정보시스템-개요	subject_1 S1.M3.SB3.D1 positive concept
[기본형] 「물품목록법」과 목록정보시스템에 대한 설명으로 옳은 것은?<br><br>① 물품의 분류체계를 통일하고 물품정보 자료를 수집·분석·정리해 목록화하고 전산화하는 것을 목적으로 한다.<br>② 목록정보시스템은 나라장터와 분리되어 독립적으로만 운영된다.<br>③ 목록화 대상은 조달청이 직접 구매하는 물품에 한정된다.<br>④ 물품목록법은 물품의 생산 분야를 제외한 수급·관리 분야만을 적용 대상으로 한다.	<b>정답</b>: ① 물품의 분류체계를 통일하고 물품정보 자료를 수집·분석·정리해 목록화하고 전산화하는 것을 목적으로 한다.<br><br>물품목록법의 목적은 분류체계 통일과 물품정보의 목록화·전산화이며, 목록정보시스템은 나라장터와 연계되어 이를 지원한다.<br><br><b>근거</b>: 「물품목록법」은 물품의 분류체계를 통일하고, 물품정보에 관한 자료를 수집, 분석, 정리해 목록화(目錄化)하고 전산화함으로써 물품의 생산, 수급(需給), 관리, 운용 등 모든 분야에서 경제적, 효율적 관리를 지원한다.<br><b>출처</b>: docs/공식책/공공조달의 이해.pdf#제3장-제4절-목록정보시스템-개요	subject_1 S1.M3.SB3.D1 positive source
물품목록법령의 개요에서 조심할 선택지는?<br><br>「물품목록법」과 목록정보시스템에 대한 설명으로 옳은 것은?	① 물품의 분류체계를 통일하고 물품정보 자료를 수집·분석·정리해 목록화하고 전산화하는 것을 목적으로 한다. — 분류체계 통일과 목록화·전산화라는 제정 목적을 정확히 서술해 정답이다.<br>② 목록정보시스템은 나라장터와 분리되어 독립적으로만 운영된다. — 목록정보시스템은 나라장터와 연계되어 운영된다.<br>③ 목록화 대상은 조달청이 직접 구매하는 물품에 한정된다. — 국가기관과 지방자치단체 등 공공부문이 관리해야 하는 물품정보를 대상으로 하므로 조달청 직접 구매 물품에 한정되지 않는다.<br>④ 물품목록법은 물품의 생산 분야를 제외한 수급·관리 분야만을 적용 대상으로 한다. — 생산, 수급, 관리, 운용 등 모든 분야를 대상으로 한다.<br><br><b>난이도</b>: 기초	subject_1 S1.M3.SB3.D1 positive trap
[핵심개념] 중소기업과 공공구매제도 이해	<b>출제 포인트</b>: 기술개발제품 우선구매제도는 공공기관이 물품을 구매할 경우, 물품 구매액의 15% 이상을 중소기업이 개발한 기술개발제품(성능인증, NET, NEP, GS, 우수조달물품 등 13종)으로 우선구매해 중소기업 기술개발제품의 판로를 지원하는 제도이다.<br><br><b>문제 연결</b>: 기술개발제품 우선구매 목표비율은 물품 구매액의 15% 이상이며, 대상은 성능인증·NEP·NET·GS·우수조달물품 등 13종이다.<br><b>출처</b>: docs/공식책/공공조달의 이해.pdf#제5장-기술개발제품-우선구매제도	subject_1 S1.M4.SB1.D1 numeric concept
[숫자 암기] 기술개발제품 우선구매제도에서 공공기관이 물품 구매액 중 중소기업 기술개발제품으로 우선구매해야 하는 비율은?<br><br>① 5% 이상<br>② 10% 이상<br>③ 15% 이상<br>④ 20% 이상	<b>정답</b>: ③ 15% 이상<br><br>기술개발제품 우선구매 목표비율은 물품 구매액의 15% 이상이며, 대상은 성능인증·NEP·NET·GS·우수조달물품 등 13종이다.<br><br><b>근거</b>: 기술개발제품 우선구매제도는 공공기관이 물품을 구매할 경우, 물품 구매액의 15% 이상을 중소기업이 개발한 기술개발제품(성능인증, NET, NEP, GS, 우수조달물품 등 13종)으로 우선구매해 중소기업 기술개발제품의 판로를 지원하는 제도이다.<br><b>출처</b>: docs/공식책/공공조달의 이해.pdf#제5장-기술개발제품-우선구매제도	subject_1 S1.M4.SB1.D1 numeric source
중소기업과 공공구매제도 이해에서 조심할 선택지는?<br><br>기술개발제품 우선구매제도에서 공공기관이 물품 구매액 중 중소기업 기술개발제품으로 우선구매해야 하는 비율은?	① 5% 이상 — 5%는 여성기업의 물품·용역 공급 실적 목표비율과 혼동한 수치다.<br>② 10% 이상 — 10%는 기술개발제품 우선구매 목표비율이 아니다.<br>③ 15% 이상 — 물품 구매액의 15% 이상이 기술개발제품 우선구매 목표비율이므로 정답이다.<br>④ 20% 이상 — 20%는 규정된 목표비율보다 높다.<br><br><b>난이도</b>: 중요	subject_1 S1.M4.SB1.D1 numeric trap
[핵심개념] 녹색제품 우선구매제도 이해	<b>출제 포인트</b>: 국내의 녹색 공공조달은 2005년 7월에 공표된 「녹색제품 구매촉진에 관한 법률」 제6조에 따라 공공기관의 녹색제품 구매를 의무화하고 있다. 이는 환경부의 '녹색제품 우선구매제도'를 중심으로 실행되고 있으며, 국가 중앙조달기관인 조달청은 최소녹색 기준제품, 종합낙찰제 등 구체적인 녹색공공조달제도를 수립해 운영하고 있다.<br><br><b>문제 연결</b>: 녹색 공공조달의 법적 근거는 「녹색제품 구매촉진에 관한 법률」 제6조이며, 환경부가 우선구매제도를 주관하고 조달청은 최소녹색 기준제품·종합낙찰제 등을 운영한다.<br><b>출처</b>: docs/공식책/공공조달의 이해.pdf#제5장-녹색제품-우선구매제도	subject_1 S1.M4.SB2.D2 positive concept
[기본형] 국내 녹색 공공조달의 근거와 운영에 대한 설명으로 옳은 것은?<br><br>① 2005년 공표된 「녹색제품 구매촉진에 관한 법률」 제6조에 따라 공공기관의 녹색제품 구매를 의무화하고 있다.<br>② 녹색제품 우선구매제도는 조달청이 아닌 기획재정부가 주관해 운영한다.<br>③ 녹색제품 구매는 공공기관의 자율 권고사항이며 의무화되어 있지 않다.<br>④ 조달청은 녹색조달과 관련한 별도의 제도를 운영하지 않는다.	<b>정답</b>: ① 2005년 공표된 「녹색제품 구매촉진에 관한 법률」 제6조에 따라 공공기관의 녹색제품 구매를 의무화하고 있다.<br><br>녹색 공공조달의 법적 근거는 「녹색제품 구매촉진에 관한 법률」 제6조이며, 환경부가 우선구매제도를 주관하고 조달청은 최소녹색 기준제품·종합낙찰제 등을 운영한다.<br><br><b>근거</b>: 국내의 녹색 공공조달은 2005년 7월에 공표된 「녹색제품 구매촉진에 관한 법률」 제6조에 따라 공공기관의 녹색제품 구매를 의무화하고 있다. 이는 환경부의 '녹색제품 우선구매제도'를 중심으로 실행되고 있으며, 국가 중앙조달기관인 조달청은 최소녹색 기준제품, 종합낙찰제 등 구체적인 녹색공공조달제도를 수립해 운영하고 있다.<br><b>출처</b>: docs/공식책/공공조달의 이해.pdf#제5장-녹색제품-우선구매제도	subject_1 S1.M4.SB2.D2 positive source
녹색제품 우선구매제도 이해에서 조심할 선택지는?<br><br>국내 녹색 공공조달의 근거와 운영에 대한 설명으로 옳은 것은?	① 2005년 공표된 「녹색제품 구매촉진에 관한 법률」 제6조에 따라 공공기관의 녹색제품 구매를 의무화하고 있다. — 법률명과 제정 시기, 의무화 근거를 정확히 서술해 정답이다.<br>② 녹색제품 우선구매제도는 조달청이 아닌 기획재정부가 주관해 운영한다. — 녹색제품 우선구매제도는 환경부를 중심으로 실행된다.<br>③ 녹색제품 구매는 공공기관의 자율 권고사항이며 의무화되어 있지 않다. — 해당 법률 제6조에 따라 구매가 의무화되어 있으므로 자율 권고가 아니다.<br>④ 조달청은 녹색조달과 관련한 별도의 제도를 운영하지 않는다. — 조달청은 최소녹색 기준제품, 종합낙찰제 등 녹색공공조달제도를 운영한다.<br><br><b>난이도</b>: 중요	subject_1 S1.M4.SB2.D2 positive trap
[핵심개념] 우수조달물품 지정제도의 이해	<b>출제 포인트</b>: 우수조달물품 지정제도는 1996년 중소기업의 기술력 제고와 유효경쟁력 향상이라는 정책적 목적에 따라 기술개발제품의 통합적 우선구매 형태로 도입되었다. 2017년 OECD에서는 공공조달을 활용한 혁신 촉진의 대표적 사례로 캐나다 BCIP, 영국 SBRI와 함께 우리나라의 우수조달물품(EGSP) 지정제도를 우수사례로 소개했다.<br><br><b>문제 연결</b>: 우수조달물품 지정제도는 1996년 도입된 중소기업 기술개발제품 우선구매제도로, OECD가 혁신 촉진 우수사례로 소개한 바 있다.<br><b>출처</b>: docs/공식책/공공조달의 이해.pdf#제5장-4.2-우수제품-지정제도의-이해	subject_1 S1.M4.SB3.D2 positive concept
[기본형] 우수조달물품 지정제도에 대한 설명으로 옳은 것은?<br><br>① 1996년 중소기업의 기술력 제고와 유효경쟁력 향상이라는 정책적 목적에 따라 기술개발제품의 통합적 우선구매 형태로 도입되었다.<br>② 2019년 혁신제품 지정제도와 함께 신설된 제도이다.<br>③ 대기업의 기술개발 성과를 우선 지원하기 위해 도입되었다.<br>④ OECD는 우리나라의 우수조달물품 지정제도를 규제 사례로 지적한 바 있다.	<b>정답</b>: ① 1996년 중소기업의 기술력 제고와 유효경쟁력 향상이라는 정책적 목적에 따라 기술개발제품의 통합적 우선구매 형태로 도입되었다.<br><br>우수조달물품 지정제도는 1996년 도입된 중소기업 기술개발제품 우선구매제도로, OECD가 혁신 촉진 우수사례로 소개한 바 있다.<br><br><b>근거</b>: 우수조달물품 지정제도는 1996년 중소기업의 기술력 제고와 유효경쟁력 향상이라는 정책적 목적에 따라 기술개발제품의 통합적 우선구매 형태로 도입되었다. 2017년 OECD에서는 공공조달을 활용한 혁신 촉진의 대표적 사례로 캐나다 BCIP, 영국 SBRI와 함께 우리나라의 우수조달물품(EGSP) 지정제도를 우수사례로 소개했다.<br><b>출처</b>: docs/공식책/공공조달의 이해.pdf#제5장-4.2-우수제품-지정제도의-이해	subject_1 S1.M4.SB3.D2 positive source
우수조달물품 지정제도의 이해에서 조심할 선택지는?<br><br>우수조달물품 지정제도에 대한 설명으로 옳은 것은?	① 1996년 중소기업의 기술력 제고와 유효경쟁력 향상이라는 정책적 목적에 따라 기술개발제품의 통합적 우선구매 형태로 도입되었다. — 도입 연도와 정책적 목적을 정확히 서술해 정답이다.<br>② 2019년 혁신제품 지정제도와 함께 신설된 제도이다. — 2019년 시행된 것은 혁신제품 지정제도이며 우수조달물품 지정제도는 1996년 도입되었다.<br>③ 대기업의 기술개발 성과를 우선 지원하기 위해 도입되었다. — 중소기업의 기술력 제고와 유효경쟁력 향상이 도입 목적이다.<br>④ OECD는 우리나라의 우수조달물품 지정제도를 규제 사례로 지적한 바 있다. — OECD는 규제 사례가 아니라 혁신 촉진의 우수사례로 소개했다.<br><br><b>난이도</b>: 함정	subject_1 S1.M4.SB3.D2 positive trap
[핵심개념] 여성기업 우선구매제도 이해	<b>출제 포인트</b>: 여성기업(물품·용역 공급 실적의 5% 이상, 공사 실적의 3% 이상), 장애인기업(1%)에는 보다 세부적인 접근성 제고 기준이 적용된다.<br><br><b>문제 연결</b>: 여성기업은 물품·용역 5% 이상, 공사 3% 이상, 장애인기업은 1%가 목표비율이다. 물품·용역과 공사의 비율이 다르다는 점이 함정 포인트다.<br><b>출처</b>: docs/공식책/공공조달의 이해.pdf#제2장-접근성-원칙-우선구매-목표비율	subject_1 S1.M4.SB4.D3 numeric concept
[숫자 암기] 여성기업과 장애인기업에 적용되는 공공기관 우선구매 목표비율을 옳게 짝지은 것은?<br><br>① 여성기업: 물품·용역 5% 이상, 공사 3% 이상 / 장애인기업: 1%<br>② 여성기업: 물품·용역 3% 이상, 공사 5% 이상 / 장애인기업: 5%<br>③ 여성기업: 물품·용역 1% 이상, 공사 1% 이상 / 장애인기업: 3%<br>④ 여성기업: 물품·용역 10% 이상, 공사 5% 이상 / 장애인기업: 5%	<b>정답</b>: ① 여성기업: 물품·용역 5% 이상, 공사 3% 이상 / 장애인기업: 1%<br><br>여성기업은 물품·용역 5% 이상, 공사 3% 이상, 장애인기업은 1%가 목표비율이다. 물품·용역과 공사의 비율이 다르다는 점이 함정 포인트다.<br><br><b>근거</b>: 여성기업(물품·용역 공급 실적의 5% 이상, 공사 실적의 3% 이상), 장애인기업(1%)에는 보다 세부적인 접근성 제고 기준이 적용된다.<br><b>출처</b>: docs/공식책/공공조달의 이해.pdf#제2장-접근성-원칙-우선구매-목표비율	subject_1 S1.M4.SB4.D3 numeric source
여성기업 우선구매제도 이해에서 조심할 선택지는?<br><br>여성기업과 장애인기업에 적용되는 공공기관 우선구매 목표비율을 옳게 짝지은 것은?	① 여성기업: 물품·용역 5% 이상, 공사 3% 이상 / 장애인기업: 1% — 여성기업 5%/3%, 장애인기업 1%를 정확히 짝지어 정답이다.<br>② 여성기업: 물품·용역 3% 이상, 공사 5% 이상 / 장애인기업: 5% — 여성기업의 물품·용역 비율과 공사 비율이 뒤바뀌었고 장애인기업 비율도 다르다.<br>③ 여성기업: 물품·용역 1% 이상, 공사 1% 이상 / 장애인기업: 3% — 여성기업의 목표비율이 규정보다 낮게 제시되었다.<br>④ 여성기업: 물품·용역 10% 이상, 공사 5% 이상 / 장애인기업: 5% — 여성기업 10%는 규정된 목표비율이 아니다.<br><br><b>난이도</b>: 함정	subject_1 S1.M4.SB4.D3 numeric trap
[핵심개념] 장애인기업 우선구매제도 이해	<b>출제 포인트</b>: 소액수의계약은(여성기업, 장애인 기업, 사회적기업 등의 경우는 5,000만원 이하), 나라장터를 통해 1인 견적으로 처리하며, 구매금액이 2천만원을 초과(여성기업, 장애인 기업, 사회적기업 등의 경우는 5,000만원)하는 경우 2인 이상 견적 절차를 따른다.<br><br><b>문제 연결</b>: 1인 견적 소액수의계약 한도는 2,000만 원이며, 여성기업·장애인기업·사회적기업 등은 5,000만 원으로 상향된다. 그 초과분부터 1억 원 이하는 2인 이상 견적 대상이다.<br><b>출처</b>: docs/공식책/공공조달의 이해.pdf#제3장-나라장터-소액수의계약	subject_1 S1.M4.SB4.D1 numeric concept
[숫자 암기] 나라장터에서 1인 견적 소액수의계약이 가능한 금액 기준으로 옳은 것은?<br><br>① 2,000만 원 이하이며, 여성기업·장애인기업·사회적기업 등은 5,000만 원 이하<br>② 5,000만 원 이하이며, 여성기업·장애인기업·사회적기업 등은 1억 원 이하<br>③ 1억 원 이하이며, 기업 유형에 따른 차등은 없다.<br>④ 2,000만 원 이하이며, 기업 유형에 따른 차등은 없다.	<b>정답</b>: ① 2,000만 원 이하이며, 여성기업·장애인기업·사회적기업 등은 5,000만 원 이하<br><br>1인 견적 소액수의계약 한도는 2,000만 원이며, 여성기업·장애인기업·사회적기업 등은 5,000만 원으로 상향된다. 그 초과분부터 1억 원 이하는 2인 이상 견적 대상이다.<br><br><b>근거</b>: 소액수의계약은(여성기업, 장애인 기업, 사회적기업 등의 경우는 5,000만원 이하), 나라장터를 통해 1인 견적으로 처리하며, 구매금액이 2천만원을 초과(여성기업, 장애인 기업, 사회적기업 등의 경우는 5,000만원)하는 경우 2인 이상 견적 절차를 따른다.<br><b>출처</b>: docs/공식책/공공조달의 이해.pdf#제3장-나라장터-소액수의계약	subject_1 S1.M4.SB4.D1 numeric source
장애인기업 우선구매제도 이해에서 조심할 선택지는?<br><br>나라장터에서 1인 견적 소액수의계약이 가능한 금액 기준으로 옳은 것은?	① 2,000만 원 이하이며, 여성기업·장애인기업·사회적기업 등은 5,000만 원 이하 — 2,000만 원 원칙과 5,000만 원 상향 기준을 정확히 서술해 정답이다.<br>② 5,000만 원 이하이며, 여성기업·장애인기업·사회적기업 등은 1억 원 이하 — 5,000만 원은 상향 대상 기업의 기준이지 일반 기준이 아니다.<br>③ 1억 원 이하이며, 기업 유형에 따른 차등은 없다. — 1억 원은 2인 이상 견적 수의계약의 상한이며 기업 유형별 차등도 존재한다.<br>④ 2,000만 원 이하이며, 기업 유형에 따른 차등은 없다. — 여성기업·장애인기업·사회적기업 등은 5,000만 원으로 상향되므로 차등이 있다.<br><br><b>난이도</b>: 함정	subject_1 S1.M4.SB4.D1 numeric trap
[핵심개념] 계약의 체결 및 이행 규정	<b>출제 포인트</b>: 계약보증금은 계약금액의 100분의 10 이상 납부해야 하나 재난·경기침체·대량실업 등으로 발생한 국가의 경제위기를 극복하기 위해 기획재정부 장관이 고시하는 경우에는 100분의 5 이상으로 조정할 수 있다. 다만 계약금액이 5,000만 원 이하인 계약 등에서는 계약보증금의 전부 또는 일부를 면제할 수 있다.<br><br><b>문제 연결</b>: 원칙은 계약금액의 100분의 10 이상이고, 경제위기 시 기획재정부 장관 고시로 100분의 5 이상까지 낮출 수 있다. 면제 가능 기준은 계약금액 5,000만 원 이하다.<br><b>출처</b>: docs/공식책/공공조달의 이해.pdf#제6장-계약보증금-국가계약법-시행령-제50조	subject_1 S1.M5.SB2.D4 numeric concept
[숫자 암기] 「국가계약법 시행령」상 계약보증금의 원칙적 납부 비율과 면제가 가능한 계약금액 기준을 옳게 짝지은 것은?<br><br>① 계약금액의 100분의 10 이상, 계약금액 5,000만 원 이하인 계약<br>② 계약금액의 100분의 5 이상, 계약금액 5,000만 원 이하인 계약<br>③ 계약금액의 100분의 10 이상, 계약금액 2,000만 원 이하인 계약<br>④ 계약금액의 100분의 20 이상, 계약금액 1억 원 이하인 계약	<b>정답</b>: ① 계약금액의 100분의 10 이상, 계약금액 5,000만 원 이하인 계약<br><br>원칙은 계약금액의 100분의 10 이상이고, 경제위기 시 기획재정부 장관 고시로 100분의 5 이상까지 낮출 수 있다. 면제 가능 기준은 계약금액 5,000만 원 이하다.<br><br><b>근거</b>: 계약보증금은 계약금액의 100분의 10 이상 납부해야 하나 재난·경기침체·대량실업 등으로 발생한 국가의 경제위기를 극복하기 위해 기획재정부 장관이 고시하는 경우에는 100분의 5 이상으로 조정할 수 있다. 다만 계약금액이 5,000만 원 이하인 계약 등에서는 계약보증금의 전부 또는 일부를 면제할 수 있다.<br><b>출처</b>: docs/공식책/공공조달의 이해.pdf#제6장-계약보증금-국가계약법-시행령-제50조	subject_1 S1.M5.SB2.D4 numeric source
계약의 체결 및 이행 규정에서 조심할 선택지는?<br><br>「국가계약법 시행령」상 계약보증금의 원칙적 납부 비율과 면제가 가능한 계약금액 기준을 옳게 짝지은 것은?	① 계약금액의 100분의 10 이상, 계약금액 5,000만 원 이하인 계약 — 원칙 비율 10%와 면제 기준 5,000만 원을 정확히 짝지어 정답이다.<br>② 계약금액의 100분의 5 이상, 계약금액 5,000만 원 이하인 계약 — 100분의 5는 경제위기 시 기획재정부 장관 고시에 따른 예외 비율이지 원칙이 아니다.<br>③ 계약금액의 100분의 10 이상, 계약금액 2,000만 원 이하인 계약 — 면제 기준 금액은 2,000만 원이 아니라 5,000만 원이다.<br>④ 계약금액의 100분의 20 이상, 계약금액 1억 원 이하인 계약 — 100분의 20이라는 비율과 1억 원이라는 면제 기준은 규정에 없다.<br><br><b>난이도</b>: 중요	subject_1 S1.M5.SB2.D4 numeric trap
[핵심개념] 이의신청과 분쟁조정	<b>출제 포인트</b>: 이의신청은 이의신청의 원인이 되는 행위가 있었던 날부터 20일 이내 또는 그 행위가 있음을 안 날부터 15일 이내에 해당 중앙관서의 장에게 하여야 한다. 해당 중앙관서의 장은 이의신청을 받은 날부터 15일 이내에 심사하여 시정 등 필요한 조치를 하고 그 결과를 신청인에게 통지하여야 한다. 조치에 이의가 있는 자는 통지를 받은 날부터 20일 이내에 국가계약분쟁조정위원회에 조정을 위한 재심을 청구할 수 있다.<br><br><b>문제 연결</b>: 핵심 숫자는 이의신청 20일(행위일)/15일(안 날), 통지 15일, 재심청구 20일, 조정위원회 회신 50일이다. 조정 결과에 15일 이내 이의가 없으면 재판상 화해와 동일한 효력이 생긴다.<br><b>출처</b>: docs/공식책/공공조달의 이해.pdf#제6장-1.7-이의신청과-분쟁조정	subject_1 S1.M5.SB2.D5 numeric concept
[숫자 암기] 「국가계약법」상 이의신청 및 분쟁조정 절차의 기간에 대한 설명으로 옳은 것은?<br><br>① 이의신청은 그 행위가 있음을 안 날부터 15일 이내에 해당 중앙관서의 장에게 해야 한다.<br>② 중앙관서의 장은 이의신청을 받은 날부터 30일 이내에 결과를 통지해야 한다.<br>③ 결과 통지에 이의가 있는 자는 통지를 받은 날부터 10일 이내에 재심을 청구해야 한다.<br>④ 국가계약분쟁조정위원회는 특별한 사정이 없는 한 90일 이내에 결과를 회신해야 한다.	<b>정답</b>: ① 이의신청은 그 행위가 있음을 안 날부터 15일 이내에 해당 중앙관서의 장에게 해야 한다.<br><br>핵심 숫자는 이의신청 20일(행위일)/15일(안 날), 통지 15일, 재심청구 20일, 조정위원회 회신 50일이다. 조정 결과에 15일 이내 이의가 없으면 재판상 화해와 동일한 효력이 생긴다.<br><br><b>근거</b>: 이의신청은 이의신청의 원인이 되는 행위가 있었던 날부터 20일 이내 또는 그 행위가 있음을 안 날부터 15일 이내에 해당 중앙관서의 장에게 하여야 한다. 해당 중앙관서의 장은 이의신청을 받은 날부터 15일 이내에 심사하여 시정 등 필요한 조치를 하고 그 결과를 신청인에게 통지하여야 한다. 조치에 이의가 있는 자는 통지를 받은 날부터 20일 이내에 국가계약분쟁조정위원회에 조정을 위한 재심을 청구할 수 있다.<br><b>출처</b>: docs/공식책/공공조달의 이해.pdf#제6장-1.7-이의신청과-분쟁조정	subject_1 S1.M5.SB2.D5 numeric source
이의신청과 분쟁조정에서 조심할 선택지는?<br><br>「국가계약법」상 이의신청 및 분쟁조정 절차의 기간에 대한 설명으로 옳은 것은?	① 이의신청은 그 행위가 있음을 안 날부터 15일 이내에 해당 중앙관서의 장에게 해야 한다. — 안 날부터 15일 이내라는 기간을 정확히 서술해 정답이다.<br>② 중앙관서의 장은 이의신청을 받은 날부터 30일 이내에 결과를 통지해야 한다. — 중앙관서의 장은 30일이 아니라 15일 이내에 통지해야 한다.<br>③ 결과 통지에 이의가 있는 자는 통지를 받은 날부터 10일 이내에 재심을 청구해야 한다. — 재심 청구 기간은 10일이 아니라 20일 이내다.<br>④ 국가계약분쟁조정위원회는 특별한 사정이 없는 한 90일 이내에 결과를 회신해야 한다. — 국가계약분쟁조정위원회의 회신 기간은 90일이 아니라 50일 이내다.<br><br><b>난이도</b>: 함정	subject_1 S1.M5.SB2.D5 numeric trap
[핵심개념] 대금지급 규정	<b>출제 포인트</b>: 제15조(대가의 지급) ① 각 중앙관서의 장 또는 계약담당공무원은 공사, 제조, 구매, 용역, 그 밖에 국고의 부담이 되는 계약의 경우 검사를 하거나 검사조서를 작성한 후에 그 대가를 지급하여야 한다. ② 그 기한까지 대가를 지급할 수 없는 경우에는 그 지연일수에 따른 이자를 지급하여야 한다. ③ 동일한 계약에서 제2항에 따른 이자와 제26조에 따른 지체상금은 상계할 수 있다.<br><br><b>문제 연결</b>: 대가 지급은 검사 또는 검사조서 작성 후에 이루어지는 것이 원칙이며, 지급 지연 시 지연이자를 지급하고 이는 지체상금과 상계할 수 있다. 세입 원인 계약은 제16조에 따라 대가를 미리 내도록 한다(선납).<br><b>출처</b>: docs/공식책/공공조달의 이해.pdf#제6장-국가계약법-제15조-대가의-지급	subject_1 S1.M5.SB3.D3 positive concept
[기본형] 「국가계약법」 제15조(대가의 지급)에 대한 설명으로 옳은 것은?<br><br>① 국고의 부담이 되는 계약의 경우 검사를 하거나 검사조서를 작성한 후에 그 대가를 지급하여야 한다.<br>② 대가 지급 기한을 넘긴 경우에도 지연일수에 따른 이자는 지급하지 않는다.<br>③ 동일한 계약에서 지연이자와 지체상금은 상계할 수 없다.<br>④ 세입의 원인이 되는 계약에서도 계약상대자에게 대가를 사후에 지급하도록 하여야 한다.	<b>정답</b>: ① 국고의 부담이 되는 계약의 경우 검사를 하거나 검사조서를 작성한 후에 그 대가를 지급하여야 한다.<br><br>대가 지급은 검사 또는 검사조서 작성 후에 이루어지는 것이 원칙이며, 지급 지연 시 지연이자를 지급하고 이는 지체상금과 상계할 수 있다. 세입 원인 계약은 제16조에 따라 대가를 미리 내도록 한다(선납).<br><br><b>근거</b>: 제15조(대가의 지급) ① 각 중앙관서의 장 또는 계약담당공무원은 공사, 제조, 구매, 용역, 그 밖에 국고의 부담이 되는 계약의 경우 검사를 하거나 검사조서를 작성한 후에 그 대가를 지급하여야 한다. ② 그 기한까지 대가를 지급할 수 없는 경우에는 그 지연일수에 따른 이자를 지급하여야 한다. ③ 동일한 계약에서 제2항에 따른 이자와 제26조에 따른 지체상금은 상계할 수 있다.<br><b>출처</b>: docs/공식책/공공조달의 이해.pdf#제6장-국가계약법-제15조-대가의-지급	subject_1 S1.M5.SB3.D3 positive source
대금지급 규정에서 조심할 선택지는?<br><br>「국가계약법」 제15조(대가의 지급)에 대한 설명으로 옳은 것은?	① 국고의 부담이 되는 계약의 경우 검사를 하거나 검사조서를 작성한 후에 그 대가를 지급하여야 한다. — 검사 또는 검사조서 작성 후 대가를 지급한다는 원칙을 정확히 서술해 정답이다.<br>② 대가 지급 기한을 넘긴 경우에도 지연일수에 따른 이자는 지급하지 않는다. — 기한 내 지급하지 못하면 지연일수에 따른 이자를 지급해야 한다.<br>③ 동일한 계약에서 지연이자와 지체상금은 상계할 수 없다. — 동일 계약에서 지연이자와 지체상금은 상계할 수 있다.<br>④ 세입의 원인이 되는 계약에서도 계약상대자에게 대가를 사후에 지급하도록 하여야 한다. — 세입의 원인이 되는 계약에서는 제16조에 따라 대가를 미리 내도록 해야 한다.<br><br><b>난이도</b>: 중요	subject_1 S1.M5.SB3.D3 positive trap
[핵심개념] 전자적 공고의 방법 및 시기	"<b>출제 포인트</b>: 추정가격 2,000만 원 이하의 소액수의계약의 경우에는 입찰공고가 아닌 안내공고를 시행해야 하며 3일의 기간(토·일요일 포함)을 부여해야 한다.<br><br><b>문제 연결</b>: 추정가격 2,000만 원 이하 소액수의계약은 입찰공고가 아니라 ""안내공고""이며 기간도 3일(토·일 포함)이다. 공고 종류와 기간을 함께 바꾸는 것이 전형적인 함정이다.<br><b>출처</b>: docs/공식책/공공조달의 이해.pdf#제3장-나라장터-입찰공고-기간"	subject_1 S1.M5.SB4.D1 numeric concept
[숫자 암기] 나라장터 입찰공고 기간에 대한 설명으로 옳지 않은 것은?<br><br>① 일반공고의 경우 40일의 공고기간을 부여한다.<br>② 공사의 경우 입찰금액 10억 원 미만은 7일, 10억~50억 원 미만은 15일의 공고기간을 부여한다.<br>③ 유찰 후 재공고 또는 긴급공고인 경우 단축 5일 또는 일반 10일의 기간을 부여한다.<br>④ 추정가격 2,000만 원 이하의 소액수의계약도 입찰공고를 시행하며 7일의 기간을 부여한다.	"<b>정답</b>: ④ 추정가격 2,000만 원 이하의 소액수의계약도 입찰공고를 시행하며 7일의 기간을 부여한다.<br><br>추정가격 2,000만 원 이하 소액수의계약은 입찰공고가 아니라 ""안내공고""이며 기간도 3일(토·일 포함)이다. 공고 종류와 기간을 함께 바꾸는 것이 전형적인 함정이다.<br><br><b>근거</b>: 추정가격 2,000만 원 이하의 소액수의계약의 경우에는 입찰공고가 아닌 안내공고를 시행해야 하며 3일의 기간(토·일요일 포함)을 부여해야 한다.<br><b>출처</b>: docs/공식책/공공조달의 이해.pdf#제3장-나라장터-입찰공고-기간"	subject_1 S1.M5.SB4.D1 numeric source
전자적 공고의 방법 및 시기에서 조심할 선택지는?<br><br>나라장터 입찰공고 기간에 대한 설명으로 옳지 않은 것은?	① 일반공고의 경우 40일의 공고기간을 부여한다. — 일반공고 40일은 규정에 부합한다.<br>② 공사의 경우 입찰금액 10억 원 미만은 7일, 10억~50억 원 미만은 15일의 공고기간을 부여한다. — 공사 규모별 공고기간(10억 원 미만 7일, 10억~50억 원 미만 15일)은 규정에 부합한다.<br>③ 유찰 후 재공고 또는 긴급공고인 경우 단축 5일 또는 일반 10일의 기간을 부여한다. — 재공고·긴급공고의 5일(단축)/10일(일반) 기간은 규정에 부합한다.<br>④ 추정가격 2,000만 원 이하의 소액수의계약도 입찰공고를 시행하며 7일의 기간을 부여한다. — 소액수의계약은 입찰공고가 아닌 안내공고이며 기간도 3일이므로 옳지 않다.<br><br><b>난이도</b>: 함정	subject_1 S1.M5.SB4.D1 numeric trap
[핵심개념] 계약체결의 요청 및 방법	<b>출제 포인트</b>: 수요기관 중 국가기관의 경우 1억 원 이상의 물품이나 용역(서비스), 추정가격 30억 원 이상 종합공사, 추정가격 3억 원 이상 전문공사는 의무적으로 조달청으로 중앙조달을 요청해야 한다.<br><br><b>문제 연결</b>: 중앙조달 의무 기준은 물품·용역 1억 원, 종합공사 30억 원, 전문공사 3억 원이다. 다만 단가·제3자단가·다수공급자계약 물품은 금액과 관계없이 조달청을 통해 구매해야 한다.<br><b>출처</b>: docs/공식책/공공조달의 이해.pdf#제3장-중앙조달-요청-기준	subject_1 S1.M5.SB3.D2 numeric concept
[숫자 암기] 국가기관이 의무적으로 조달청에 중앙조달을 요청해야 하는 기준으로 옳은 것은?<br><br>① 1억 원 이상의 물품·용역, 추정가격 30억 원 이상 종합공사, 추정가격 3억 원 이상 전문공사<br>② 5,000만 원 이상의 물품·용역, 추정가격 10억 원 이상 종합공사, 추정가격 1억 원 이상 전문공사<br>③ 1억 원 이상의 물품·용역, 추정가격 100억 원 이상 종합공사, 추정가격 10억 원 이상 전문공사<br>④ 금액과 관계없이 모든 물품·용역과 공사	<b>정답</b>: ① 1억 원 이상의 물품·용역, 추정가격 30억 원 이상 종합공사, 추정가격 3억 원 이상 전문공사<br><br>중앙조달 의무 기준은 물품·용역 1억 원, 종합공사 30억 원, 전문공사 3억 원이다. 다만 단가·제3자단가·다수공급자계약 물품은 금액과 관계없이 조달청을 통해 구매해야 한다.<br><br><b>근거</b>: 수요기관 중 국가기관의 경우 1억 원 이상의 물품이나 용역(서비스), 추정가격 30억 원 이상 종합공사, 추정가격 3억 원 이상 전문공사는 의무적으로 조달청으로 중앙조달을 요청해야 한다.<br><b>출처</b>: docs/공식책/공공조달의 이해.pdf#제3장-중앙조달-요청-기준	subject_1 S1.M5.SB3.D2 numeric source
계약체결의 요청 및 방법에서 조심할 선택지는?<br><br>국가기관이 의무적으로 조달청에 중앙조달을 요청해야 하는 기준으로 옳은 것은?	① 1억 원 이상의 물품·용역, 추정가격 30억 원 이상 종합공사, 추정가격 3억 원 이상 전문공사 — 물품·용역 1억 원, 종합공사 30억 원, 전문공사 3억 원 기준을 정확히 서술해 정답이다.<br>② 5,000만 원 이상의 물품·용역, 추정가격 10억 원 이상 종합공사, 추정가격 1억 원 이상 전문공사 — 제시된 금액 기준이 모두 규정과 다르다.<br>③ 1억 원 이상의 물품·용역, 추정가격 100억 원 이상 종합공사, 추정가격 10억 원 이상 전문공사 — 종합공사 100억 원, 전문공사 10억 원은 중앙조달 의무 기준이 아니다.<br>④ 금액과 관계없이 모든 물품·용역과 공사 — 1억 원 미만 물품·용역, 긴급물자, 국방물자 등은 자체조달이 가능하다.<br><br><b>난이도</b>: 중요	subject_1 S1.M5.SB3.D2 numeric trap
[핵심개념] 불공정조달행위 제재	<b>출제 포인트</b>: ‘불공정 조달행위’는 조달물자의 공급 과정에서 공정성을 해치는 6가지 유형의 행위를 말한다. ①입찰 또는 계약 등과 관련해 허위·변조 또는 거짓 서류 제출 ②직접생산기준을 위반한 납품 ③원산지 거짓 표시 ④사전 승인 없는 계약규격과 다른 제품의 납품 ⑤다수공급자계약의 ‘우대가격유지의무’ 위반 ⑥우수조달물품 등의 지정을 거짓 또는 부정한 방법으로 받는 행위가 해당한다.<br><br><b>문제 연결</b>: 불공정조달행위 6대 유형은 ①거짓 서류 제출 ②직접생산기준 위반 납품 ③원산지 거짓 표시 ④사전 승인 없는 규격 상이 납품 ⑤우대가격유지의무 위반 ⑥지정의 거짓·부정 취득이다. 단순한 입찰서 미제출은 여기에 해당하지 않는다.<br><b>출처</b>: docs/공식책/공공조달의 이해.pdf#제7장-2.3-불공정조달행위-제재	subject_1 S1.M6.SB2.D3 box-multi concept
[박스 다중선택] 「조달사업법」 제21조제1항에 따른 불공정조달행위에 해당하는 것을 모두 고른 것은?<br><br>ㄱ. 직접생산기준을 위반한 납품<br>ㄴ. 다수공급자계약의 우대가격유지의무 위반<br>ㄷ. 입찰공고에 제시된 기간 내에 입찰서를 제출하지 않는 행위<br><br>① ㄱ, ㄴ<br>② ㄱ, ㄷ<br>③ ㄴ, ㄷ<br>④ ㄱ, ㄴ, ㄷ	<b>정답</b>: ① ㄱ, ㄴ<br><br>불공정조달행위 6대 유형은 ①거짓 서류 제출 ②직접생산기준 위반 납품 ③원산지 거짓 표시 ④사전 승인 없는 규격 상이 납품 ⑤우대가격유지의무 위반 ⑥지정의 거짓·부정 취득이다. 단순한 입찰서 미제출은 여기에 해당하지 않는다.<br><br><b>근거</b>: ‘불공정 조달행위’는 조달물자의 공급 과정에서 공정성을 해치는 6가지 유형의 행위를 말한다. ①입찰 또는 계약 등과 관련해 허위·변조 또는 거짓 서류 제출 ②직접생산기준을 위반한 납품 ③원산지 거짓 표시 ④사전 승인 없는 계약규격과 다른 제품의 납품 ⑤다수공급자계약의 ‘우대가격유지의무’ 위반 ⑥우수조달물품 등의 지정을 거짓 또는 부정한 방법으로 받는 행위가 해당한다.<br><b>출처</b>: docs/공식책/공공조달의 이해.pdf#제7장-2.3-불공정조달행위-제재	subject_1 S1.M6.SB2.D3 box-multi source
불공정조달행위 제재에서 조심할 선택지는?<br><br>「조달사업법」 제21조제1항에 따른 불공정조달행위에 해당하는 것을 모두 고른 것은?	① ㄱ, ㄴ — ㄱ과 ㄴ은 각각 6대 유형의 ②와 ⑤에 해당하므로 정답이다.<br>② ㄱ, ㄷ — ㄷ은 불공정조달행위 6대 유형에 포함되지 않는다.<br>③ ㄴ, ㄷ — ㄱ이 빠지고 해당하지 않는 ㄷ이 포함되어 오답이다.<br>④ ㄱ, ㄴ, ㄷ — ㄷ까지 포함하면 6대 유형의 범위를 넘어서므로 오답이다.<br><br><b>난이도</b>: 함정	subject_1 S1.M6.SB2.D3 box-multi trap
[핵심개념] 부당이득금 환수	<b>출제 포인트</b>: 조달청은 공공조달 과정에서 공정성을 해치는 특정한 행위를 불공정조달행위로 규정하고, 조사를 통해 불공정조달행위 여부를 판단하고 후속 조치를 취하고 있다. 그중에서도 불공정한 조달행위를 통해 부당한 이득을 얻은 경우에는 부당이득금을 환수토록 조치하고 있다. 불공정조달행위로 이득을 얻은 경우에는 환수할 수 있다(「조달사업법」 제21조제6항).<br><br><b>문제 연결</b>: 「조달사업법」 제21조제6항은 불공정조달행위로 얻은 이득의 환수 근거를 두고 있으며, 시정 요구·입찰참가자격 제한 등의 처분과 함께 이루어진다.<br><b>출처</b>: docs/공식책/공공조달의 이해.pdf#제7장-2.4-부당이득금-환수	subject_1 S1.M6.SB2.D4 positive concept
[기본형] 부당이득금 환수에 대한 설명으로 옳은 것은?<br><br>① 불공정한 조달행위를 통해 부당한 이득을 얻은 경우 「조달사업법」에 따라 부당이득금을 환수한다.<br>② 부당이득금 환수는 형사처벌이 확정된 경우에만 가능하다.<br>③ 불공정조달행위로 이득을 얻더라도 시정 요구만 가능하고 환수는 불가능하다.<br>④ 부당이득금 환수는 입찰참가자격 제한 처분과 병행할 수 없다.	<b>정답</b>: ① 불공정한 조달행위를 통해 부당한 이득을 얻은 경우 「조달사업법」에 따라 부당이득금을 환수한다.<br><br>「조달사업법」 제21조제6항은 불공정조달행위로 얻은 이득의 환수 근거를 두고 있으며, 시정 요구·입찰참가자격 제한 등의 처분과 함께 이루어진다.<br><br><b>근거</b>: 조달청은 공공조달 과정에서 공정성을 해치는 특정한 행위를 불공정조달행위로 규정하고, 조사를 통해 불공정조달행위 여부를 판단하고 후속 조치를 취하고 있다. 그중에서도 불공정한 조달행위를 통해 부당한 이득을 얻은 경우에는 부당이득금을 환수토록 조치하고 있다. 불공정조달행위로 이득을 얻은 경우에는 환수할 수 있다(「조달사업법」 제21조제6항).<br><b>출처</b>: docs/공식책/공공조달의 이해.pdf#제7장-2.4-부당이득금-환수	subject_1 S1.M6.SB2.D4 positive source
부당이득금 환수에서 조심할 선택지는?<br><br>부당이득금 환수에 대한 설명으로 옳은 것은?	① 불공정한 조달행위를 통해 부당한 이득을 얻은 경우 「조달사업법」에 따라 부당이득금을 환수한다. — 「조달사업법」에 따른 부당이득금 환수 근거를 정확히 서술해 정답이다.<br>② 부당이득금 환수는 형사처벌이 확정된 경우에만 가능하다. — 환수는 조달청의 조사와 판단에 따른 행정적 조치이며 형사처벌 확정을 요건으로 하지 않는다.<br>③ 불공정조달행위로 이득을 얻더라도 시정 요구만 가능하고 환수는 불가능하다. — 「조달사업법」 제21조제6항이 환수 근거를 명시하고 있다.<br>④ 부당이득금 환수는 입찰참가자격 제한 처분과 병행할 수 없다. — 시정 요구와 입찰참가자격 제한 처분 등과 함께 환수 조치가 이루어질 수 있다.<br><br><b>난이도</b>: 중요	subject_1 S1.M6.SB2.D4 positive trap
[핵심개념] 유권해석 및 감사사례	<b>출제 포인트</b>: 행정심판은 처분을 행한 행정청에 이의를 제기해 처분청의 상급기관에서 다시 한번 심리하도록 함으로써 법원의 간섭 없이 행정청 스스로 행정의 능률성과 동일성을 확보하기 위해 행정청에 마련된 제도이다. 공공조달이나 계약과 관련한 주된 행정소송 대상은 부정당업자 제재, 입찰참가자격 제한처분, 국가보조금 환수처분, 직접생산확인 취소처분, 우수제품지정 취소처분 등이 해당한다.<br><br><b>문제 연결</b>: 행정심판은 행정청 내부의 자기시정 절차이고, 행정소송은 공법상 법률관계를 대상으로 하는 법원의 절차다. 부정당업자 제재·입찰참가자격 제한처분 등이 행정소송의 대상이다.<br><b>출처</b>: docs/공식책/공공조달의 이해.pdf#제7장-행정심판과-행정소송	subject_1 S1.M6.SB1.D2 positive concept
[기본형] 행정심판과 행정소송에 대한 설명으로 옳은 것은?<br><br>① 행정심판은 처분을 행한 행정청에 이의를 제기해 처분청의 상급기관이 다시 심리하도록 하는 행정청 내부의 제도이다.<br>② 행정소송은 사법상의 법률관계를 대상으로 하고, 민사소송은 공법상의 법률관계를 대상으로 한다.<br>③ 부정당업자 제재나 입찰참가자격 제한처분은 민사소송의 대상이다.<br>④ 행정심판을 거치면 행정소송을 제기할 수 없다.	<b>정답</b>: ① 행정심판은 처분을 행한 행정청에 이의를 제기해 처분청의 상급기관이 다시 심리하도록 하는 행정청 내부의 제도이다.<br><br>행정심판은 행정청 내부의 자기시정 절차이고, 행정소송은 공법상 법률관계를 대상으로 하는 법원의 절차다. 부정당업자 제재·입찰참가자격 제한처분 등이 행정소송의 대상이다.<br><br><b>근거</b>: 행정심판은 처분을 행한 행정청에 이의를 제기해 처분청의 상급기관에서 다시 한번 심리하도록 함으로써 법원의 간섭 없이 행정청 스스로 행정의 능률성과 동일성을 확보하기 위해 행정청에 마련된 제도이다. 공공조달이나 계약과 관련한 주된 행정소송 대상은 부정당업자 제재, 입찰참가자격 제한처분, 국가보조금 환수처분, 직접생산확인 취소처분, 우수제품지정 취소처분 등이 해당한다.<br><b>출처</b>: docs/공식책/공공조달의 이해.pdf#제7장-행정심판과-행정소송	subject_1 S1.M6.SB1.D2 positive source
유권해석 및 감사사례에서 조심할 선택지는?<br><br>행정심판과 행정소송에 대한 설명으로 옳은 것은?	① 행정심판은 처분을 행한 행정청에 이의를 제기해 처분청의 상급기관이 다시 심리하도록 하는 행정청 내부의 제도이다. — 행정심판의 성격과 심리 주체를 정확히 서술해 정답이다.<br>② 행정소송은 사법상의 법률관계를 대상으로 하고, 민사소송은 공법상의 법률관계를 대상으로 한다. — 행정소송이 공법상, 민사소송이 사법상 법률관계를 대상으로 하므로 설명이 뒤바뀌었다.<br>③ 부정당업자 제재나 입찰참가자격 제한처분은 민사소송의 대상이다. — 부정당업자 제재와 입찰참가자격 제한처분은 대표적인 행정소송 대상이다.<br>④ 행정심판을 거치면 행정소송을 제기할 수 없다. — 행정심판은 행정소송과 별개의 절차이며 심판을 거쳤다고 소송이 봉쇄되지 않는다.<br><br><b>난이도</b>: 함정	subject_1 S1.M6.SB1.D2 positive trap
[핵심개념] 계약의 성립 관련 규정	<b>출제 포인트</b>: 내용은 ①계약의 목적 ②계약금액 ③이행기간 ④계약보증금 ⑤위험부담 ⑥지체상금(遲滯償金) 등이다.<br><br><b>문제 연결</b>: 계약서 기재사항은 계약의 목적, 계약금액, 이행기간, 계약보증금, 위험부담, 지체상금 등이다. 계약상대자의 경영목표는 계약서 기재사항이 아니다.<br><b>출처</b>: docs/공식책/공공조달의 이해.pdf#제6장-계약서-작성-사항	subject_1 S1.M5.SB1.D1 positive concept
[기본형] 「국가계약법 시행령」상 계약서에 명시해야 할 사항으로 옳지 않은 것은?<br><br>① 계약의 목적<br>② 계약금액<br>③ 이행기간과 계약보증금<br>④ 계약상대자의 연간 매출액 목표	<b>정답</b>: ④ 계약상대자의 연간 매출액 목표<br><br>계약서 기재사항은 계약의 목적, 계약금액, 이행기간, 계약보증금, 위험부담, 지체상금 등이다. 계약상대자의 경영목표는 계약서 기재사항이 아니다.<br><br><b>근거</b>: 내용은 ①계약의 목적 ②계약금액 ③이행기간 ④계약보증금 ⑤위험부담 ⑥지체상금(遲滯償金) 등이다.<br><b>출처</b>: docs/공식책/공공조달의 이해.pdf#제6장-계약서-작성-사항	subject_1 S1.M5.SB1.D1 positive source
계약의 성립 관련 규정에서 조심할 선택지는?<br><br>「국가계약법 시행령」상 계약서에 명시해야 할 사항으로 옳지 않은 것은?	① 계약의 목적 — 계약의 목적은 계약서 기재사항에 해당한다.<br>② 계약금액 — 계약금액은 계약서 기재사항에 해당한다.<br>③ 이행기간과 계약보증금 — 이행기간과 계약보증금 모두 계약서 기재사항에 해당한다.<br>④ 계약상대자의 연간 매출액 목표 — 계약상대자의 연간 매출액 목표는 계약서 기재사항이 아니므로 옳지 않다.<br><br><b>난이도</b>: 기초	subject_1 S1.M5.SB1.D1 positive trap
[핵심개념] 공공조달 분쟁조정	<b>출제 포인트</b>: 국가계약분쟁조정위원회는 조정 등을 신청한 경우 계약상대자와 해당 중앙관서의 장에게 통지하고 필요한 경우 입찰 절차를 연기하거나 계약 체결 중지를 요구할 수 있다. 15일 이내 조달기업과 해당 중앙관서의 장이 조정 결과에 이의를 제기하지 않는 경우 해당 조정은 재판상 ‘화해’와 동일한 효력이 있다.<br><br><b>문제 연결</b>: 조정 결과에 15일 이내 이의가 없으면 재판상 화해와 동일한 효력이 발생한다. 조정위원회는 입찰 절차 연기나 계약 체결 중지도 요구할 수 있으며, 소송에 앞서 조정·중재를 우선 진행할 수 있다.<br><b>출처</b>: docs/공식책/공공조달의 이해.pdf#제6장-1.7-국가계약분쟁조정위원회	subject_1 S1.M6.SB1.D1 positive concept
[기본형] 국가계약분쟁조정위원회의 조정 절차에 대한 설명으로 옳은 것은?<br><br>① 조정 결과 회신 후 15일 이내에 당사자가 이의를 제기하지 않으면 해당 조정은 재판상 화해와 동일한 효력이 있다.<br>② 조정을 신청하면 입찰 절차의 연기나 계약 체결 중지를 요구할 수 없다.<br>③ 국가계약에서는 분쟁 발생 시 반드시 소송을 먼저 거쳐야 한다.<br>④ 조정 결과는 어떠한 경우에도 법적 효력을 가지지 않는다.	<b>정답</b>: ① 조정 결과 회신 후 15일 이내에 당사자가 이의를 제기하지 않으면 해당 조정은 재판상 화해와 동일한 효력이 있다.<br><br>조정 결과에 15일 이내 이의가 없으면 재판상 화해와 동일한 효력이 발생한다. 조정위원회는 입찰 절차 연기나 계약 체결 중지도 요구할 수 있으며, 소송에 앞서 조정·중재를 우선 진행할 수 있다.<br><br><b>근거</b>: 국가계약분쟁조정위원회는 조정 등을 신청한 경우 계약상대자와 해당 중앙관서의 장에게 통지하고 필요한 경우 입찰 절차를 연기하거나 계약 체결 중지를 요구할 수 있다. 15일 이내 조달기업과 해당 중앙관서의 장이 조정 결과에 이의를 제기하지 않는 경우 해당 조정은 재판상 ‘화해’와 동일한 효력이 있다.<br><b>출처</b>: docs/공식책/공공조달의 이해.pdf#제6장-1.7-국가계약분쟁조정위원회	subject_1 S1.M6.SB1.D1 positive source
공공조달 분쟁조정에서 조심할 선택지는?<br><br>국가계약분쟁조정위원회의 조정 절차에 대한 설명으로 옳은 것은?	① 조정 결과 회신 후 15일 이내에 당사자가 이의를 제기하지 않으면 해당 조정은 재판상 화해와 동일한 효력이 있다. — 15일 이내 무이의 시 재판상 화해와 동일한 효력이 있다는 서술로 정답이다.<br>② 조정을 신청하면 입찰 절차의 연기나 계약 체결 중지를 요구할 수 없다. — 조정위원회는 필요한 경우 입찰 절차 연기나 계약 체결 중지를 요구할 수 있다.<br>③ 국가계약에서는 분쟁 발생 시 반드시 소송을 먼저 거쳐야 한다. — 소송에 앞서 조정 또는 중재 절차를 우선 진행할 수 있다.<br>④ 조정 결과는 어떠한 경우에도 법적 효력을 가지지 않는다. — 이의가 없는 조정은 재판상 화해와 동일한 효력을 가진다.<br><br><b>난이도</b>: 중요	subject_1 S1.M6.SB1.D1 positive trap
[핵심개념] 공급계획 및 일정 수립	"<b>출제 포인트</b>: 공공조달을 체계적으로 준비하고 참여하기 위한 공급계획 수립은 ""수요정보 수집-공급환경분석-내부공급역량분석-적정성분석-공급계획수립""의 5단계로 구성된다.<br><br><b>문제 연결</b>: 공급계획 수립은 수요정보 수집 → 공급환경분석 → 내부공급역량분석 → 적정성분석 → 공급계획수립의 5단계다. 외부 환경(공급환경)을 먼저 보고 내부 역량을 점검하는 순서가 핵심이다.<br><b>출처</b>: docs/공식책/공공조달 계획분석.pdf#제3장-공급계획-수립-5단계"	subject_2 S2.M1.SB1.D3 box-blank concept
[박스 빈칸] 다음은 공급업체의 공급계획 수립 5단계이다. ( ㄱ )과 ( ㄴ )에 들어갈 단계로 옳은 것은?<br><br><div style='border-left:3px solid #6f8f73;padding-left:10px'>수요정보 수집 → ( ㄱ ) → ( ㄴ ) → 적정성 분석 → 공급계획 수립</div><br><br>① ㄱ: 공급환경분석, ㄴ: 내부공급역량분석<br>② ㄱ: 내부공급역량분석, ㄴ: 공급환경분석<br>③ ㄱ: 입찰공고 확인, ㄴ: 공급환경분석<br>④ ㄱ: 공급환경분석, ㄴ: 계약이행 관리	"<b>정답</b>: ① ㄱ: 공급환경분석, ㄴ: 내부공급역량분석<br><br>공급계획 수립은 수요정보 수집 → 공급환경분석 → 내부공급역량분석 → 적정성분석 → 공급계획수립의 5단계다. 외부 환경(공급환경)을 먼저 보고 내부 역량을 점검하는 순서가 핵심이다.<br><br><b>근거</b>: 공공조달을 체계적으로 준비하고 참여하기 위한 공급계획 수립은 ""수요정보 수집-공급환경분석-내부공급역량분석-적정성분석-공급계획수립""의 5단계로 구성된다.<br><b>출처</b>: docs/공식책/공공조달 계획분석.pdf#제3장-공급계획-수립-5단계"	subject_2 S2.M1.SB1.D3 box-blank source
공급계획 및 일정 수립에서 조심할 선택지는?<br><br>다음은 공급업체의 공급계획 수립 5단계이다. ( ㄱ )과 ( ㄴ )에 들어갈 단계로 옳은 것은?	① ㄱ: 공급환경분석, ㄴ: 내부공급역량분석 — 공급환경분석 다음에 내부공급역량분석이 오는 순서로 정답이다.<br>② ㄱ: 내부공급역량분석, ㄴ: 공급환경분석 — 외부 공급환경분석과 내부공급역량분석의 순서가 뒤바뀌었다.<br>③ ㄱ: 입찰공고 확인, ㄴ: 공급환경분석 — 입찰공고 확인은 5단계 절차에 포함된 단계가 아니다.<br>④ ㄱ: 공급환경분석, ㄴ: 계약이행 관리 — 계약이행 관리는 공급계획 수립 단계가 아니라 계약 체결 이후의 활동이다.<br><br><b>난이도</b>: 중요	subject_2 S2.M1.SB1.D3 box-blank trap
[핵심개념] 공급 대상물 수요정보 식별	<b>출제 포인트</b>: 잠재적 공급업체가 공급 가능한 물품, 서비스 및 공사에 대한 공급기회 탐색을 위해 입찰공고를 확인하는 것은 실제 공급기회 확보 가능성 측면에서 최적의 준비기간을 놓쳤다고 볼 수 있다.<br><br><b>문제 연결</b>: 입찰공고를 보고 나서야 기회를 인지하는 것은 이미 준비기간을 놓친 것이다. 사전규격공개 등 공고 이전 단계부터 수요정보를 수집해야 한다.<br><b>출처</b>: docs/공식책/공공조달 계획분석.pdf#제3장-수요정보-수집	subject_2 S2.M1.SB1.D1 negative concept
[부정형] 잠재적 공급업체의 수요정보 식별에 대한 설명으로 옳지 않은 것은?<br><br>① 이전 입찰공고문, 수의계약 안내공고문, 다수공급자계약 공고문 등을 검색해 조달방법을 확인해야 한다.<br>② 공급 희망 조달대상물이 어떤 조달방법으로 계약되는지를 먼저 확인할 필요가 있다.<br>③ 입찰공고를 확인하는 시점에 공급기회를 인지하는 것이 최적의 준비 방법이다.<br>④ 체계적인 참여를 위해서는 입찰공고 이전 단계부터 수요정보를 수집해야 한다.	<b>정답</b>: ③ 입찰공고를 확인하는 시점에 공급기회를 인지하는 것이 최적의 준비 방법이다.<br><br>입찰공고를 보고 나서야 기회를 인지하는 것은 이미 준비기간을 놓친 것이다. 사전규격공개 등 공고 이전 단계부터 수요정보를 수집해야 한다.<br><br><b>근거</b>: 잠재적 공급업체가 공급 가능한 물품, 서비스 및 공사에 대한 공급기회 탐색을 위해 입찰공고를 확인하는 것은 실제 공급기회 확보 가능성 측면에서 최적의 준비기간을 놓쳤다고 볼 수 있다.<br><b>출처</b>: docs/공식책/공공조달 계획분석.pdf#제3장-수요정보-수집	subject_2 S2.M1.SB1.D1 negative source
공급 대상물 수요정보 식별에서 조심할 선택지는?<br><br>잠재적 공급업체의 수요정보 식별에 대한 설명으로 옳지 않은 것은?	① 이전 입찰공고문, 수의계약 안내공고문, 다수공급자계약 공고문 등을 검색해 조달방법을 확인해야 한다. — 이전 공고문 검색을 통한 조달방법 확인은 권장되는 절차다.<br>② 공급 희망 조달대상물이 어떤 조달방법으로 계약되는지를 먼저 확인할 필요가 있다. — 공급 희망 대상물의 조달방법 확인은 준비의 출발점이다.<br>③ 입찰공고를 확인하는 시점에 공급기회를 인지하는 것이 최적의 준비 방법이다. — 입찰공고 확인 시점은 이미 최적의 준비기간을 놓친 것이므로 옳지 않다.<br>④ 체계적인 참여를 위해서는 입찰공고 이전 단계부터 수요정보를 수집해야 한다. — 공고 이전 단계부터의 정보 수집이 체계적 참여의 전제다.<br><br><b>난이도</b>: 함정	subject_2 S2.M1.SB1.D1 negative trap
[핵심개념] 공급 의사결정을 위한 비용 분석	<b>출제 포인트</b>: 계약목적물을 획득에 소요되는 비용의 산정은 동일거나 유사한 물품이나 서비스, 공사의 거래실례가격, 원가계산가격, 조사가격 등에 따라 시행하고, 가격 표시가 없는 경우에는 견적가격이나 감정가격 등으로 산정한다.<br><br><b>문제 연결</b>: 비용 산정 기준은 거래실례가격·원가계산가격·조사가격이 원칙이고, 가격 표시가 없으면 견적가격·감정가격을 쓴다. 다만 산정 결과는 수요기관 예산 범위 내에서 조정을 거쳐 반영되는 것이 일반적이다.<br><b>출처</b>: docs/공식책/공공조달 계획분석.pdf#제3장-비용-산정-기준	subject_2 S2.M1.SB3.D1 positive concept
[기본형] 공공조달 입찰에서 계약목적물 획득에 소요되는 비용 산정에 대한 설명으로 옳은 것은?<br><br>① 동일하거나 유사한 물품·서비스·공사의 거래실례가격, 원가계산가격, 조사가격 등에 따라 시행하고, 가격 표시가 없는 경우 견적가격이나 감정가격으로 산정한다.<br>② 산정된 비용은 조정 없이 그대로 예산에 반영되는 것이 원칙이다.<br>③ 거래실례가격과 원가계산가격은 시기나 요구조건과 무관하게 항상 동일한 기준으로 비교할 수 있다.<br>④ 비용 산정은 오직 감정가격만을 근거로 해야 한다.	<b>정답</b>: ① 동일하거나 유사한 물품·서비스·공사의 거래실례가격, 원가계산가격, 조사가격 등에 따라 시행하고, 가격 표시가 없는 경우 견적가격이나 감정가격으로 산정한다.<br><br>비용 산정 기준은 거래실례가격·원가계산가격·조사가격이 원칙이고, 가격 표시가 없으면 견적가격·감정가격을 쓴다. 다만 산정 결과는 수요기관 예산 범위 내에서 조정을 거쳐 반영되는 것이 일반적이다.<br><br><b>근거</b>: 계약목적물을 획득에 소요되는 비용의 산정은 동일거나 유사한 물품이나 서비스, 공사의 거래실례가격, 원가계산가격, 조사가격 등에 따라 시행하고, 가격 표시가 없는 경우에는 견적가격이나 감정가격 등으로 산정한다.<br><b>출처</b>: docs/공식책/공공조달 계획분석.pdf#제3장-비용-산정-기준	subject_2 S2.M1.SB3.D1 positive source
공급 의사결정을 위한 비용 분석에서 조심할 선택지는?<br><br>공공조달 입찰에서 계약목적물 획득에 소요되는 비용 산정에 대한 설명으로 옳은 것은?	① 동일하거나 유사한 물품·서비스·공사의 거래실례가격, 원가계산가격, 조사가격 등에 따라 시행하고, 가격 표시가 없는 경우 견적가격이나 감정가격으로 산정한다. — 비용 산정의 근거 가격과 보충적 가격을 정확히 서술해 정답이다.<br>② 산정된 비용은 조정 없이 그대로 예산에 반영되는 것이 원칙이다. — 산정된 비용은 수요기관이 확보·신청한 예산 범위 내에서 조정을 거쳐 반영되는 것이 일반적이다.<br>③ 거래실례가격과 원가계산가격은 시기나 요구조건과 무관하게 항상 동일한 기준으로 비교할 수 있다. — 원가계산에 따른 가격을 제외한 다른 가격은 시기·세부 요구조건에 따라 동일 기준으로 비교하기 어렵다.<br>④ 비용 산정은 오직 감정가격만을 근거로 해야 한다. — 감정가격은 가격 표시가 없는 경우의 보충적 산정 방법 중 하나일 뿐이다.<br><br><b>난이도</b>: 중요	subject_2 S2.M1.SB3.D1 positive trap
[핵심개념] 적정 공급비용 산정	<b>출제 포인트</b>: ‘가격’은 해당 계약목적물의 조달을 위해 지급하는 교환가치에 해당하는 금액이며, ‘비용(Cost)’은 해당 가격에 운송비나 운영비, 폐기비 같은 계약목적물과 관련해 지출되는 비용을 모두 더한 금액으로 서로 구분된다. 그러나 통상적으로 입찰에서 입찰금액은 이들 가격과 비용이 모두 합산된 금액이며, 가격평가 역시 이를 모두 포함한 금액을 기준으로 평가한다.<br><br><b>문제 연결</b>: 가격은 교환가치, 비용은 가격 + 운송비·운영비·폐기비 등 부대 지출이다. 다만 실제 입찰금액과 가격평가는 둘을 합산한 금액을 기준으로 한다는 점을 함께 기억해야 한다.<br><b>출처</b>: docs/공식책/공공조달 계획분석.pdf#제2절-평가-가격과-비용의-구분	subject_2 S2.M1.SB3.D2 concept-diff concept
[개념 구별] 공공조달에서 ‘가격(Price)’과 ‘비용(Cost)’의 구분에 대한 설명으로 옳은 것은?<br><br>① 가격은 계약목적물 조달을 위해 지급하는 교환가치에 해당하는 금액이고, 비용은 그 가격에 운송비·운영비·폐기비 등을 모두 더한 금액이다.<br>② 비용은 교환가치에 해당하는 금액이고, 가격은 여기에 부대비용을 더한 금액이다.<br>③ 입찰금액은 가격만을 의미하며 비용 요소는 제외된다.<br>④ 가격평가는 운송비·운영비를 제외한 순수 교환가치만을 기준으로 한다.	<b>정답</b>: ① 가격은 계약목적물 조달을 위해 지급하는 교환가치에 해당하는 금액이고, 비용은 그 가격에 운송비·운영비·폐기비 등을 모두 더한 금액이다.<br><br>가격은 교환가치, 비용은 가격 + 운송비·운영비·폐기비 등 부대 지출이다. 다만 실제 입찰금액과 가격평가는 둘을 합산한 금액을 기준으로 한다는 점을 함께 기억해야 한다.<br><br><b>근거</b>: ‘가격’은 해당 계약목적물의 조달을 위해 지급하는 교환가치에 해당하는 금액이며, ‘비용(Cost)’은 해당 가격에 운송비나 운영비, 폐기비 같은 계약목적물과 관련해 지출되는 비용을 모두 더한 금액으로 서로 구분된다. 그러나 통상적으로 입찰에서 입찰금액은 이들 가격과 비용이 모두 합산된 금액이며, 가격평가 역시 이를 모두 포함한 금액을 기준으로 평가한다.<br><b>출처</b>: docs/공식책/공공조달 계획분석.pdf#제2절-평가-가격과-비용의-구분	subject_2 S2.M1.SB3.D2 concept-diff source
적정 공급비용 산정에서 조심할 선택지는?<br><br>공공조달에서 ‘가격(Price)’과 ‘비용(Cost)’의 구분에 대한 설명으로 옳은 것은?	① 가격은 계약목적물 조달을 위해 지급하는 교환가치에 해당하는 금액이고, 비용은 그 가격에 운송비·운영비·폐기비 등을 모두 더한 금액이다. — 가격과 비용의 정의를 정확히 구분해 정답이다.<br>② 비용은 교환가치에 해당하는 금액이고, 가격은 여기에 부대비용을 더한 금액이다. — 가격과 비용의 정의가 서로 뒤바뀌었다.<br>③ 입찰금액은 가격만을 의미하며 비용 요소는 제외된다. — 통상 입찰금액은 가격과 비용이 모두 합산된 금액이다.<br>④ 가격평가는 운송비·운영비를 제외한 순수 교환가치만을 기준으로 한다. — 가격평가 역시 가격과 비용을 모두 포함한 금액을 기준으로 한다.<br><br><b>난이도</b>: 함정	subject_2 S2.M1.SB3.D2 concept-diff trap
[핵심개념] 경쟁입찰참가자격 등록	<b>출제 포인트</b>: 물품으로 나라장터에 경쟁입찰참가자격 등록을 신청하는 경우, 직접 제조하는 경우는 제조업체로, 다른 제조업자의 물품을 구매해 공급(유통)하는 경우는 공급업체로 등록하는 과정에서 공장등록증과 직접생산확인기준(제조공정표) 등 제출서류가 달라진다.<br><br><b>문제 연결</b>: 제조업체 등록과 공급업체 등록은 제출서류(공장등록증, 직접생산확인기준 등)가 다르며, 제조 능력이 있더라도 제조업체로 등록하지 않으면 제조물품 입찰에 참가할 수 없다.<br><b>출처</b>: docs/공식책/공공조달 계획분석.pdf#제4장-경쟁입찰참가자격-등록	subject_2 S2.M2.SB1.D1 positive concept
[기본형] 나라장터 경쟁입찰참가자격 등록에 대한 설명으로 옳은 것은?<br><br>① 직접 제조하는 경우는 제조업체로, 다른 제조업자의 물품을 구매해 공급하는 경우는 공급업체로 등록하며 제출서류가 달라진다.<br>② 제조업체와 공급업체는 등록 구분 없이 동일한 서류를 제출한다.<br>③ 제조 능력이 있으면 해당 물품의 제조업체로 등록하지 않아도 제조물품 입찰에 참가할 수 있다.<br>④ 입찰참가자격 등록은 개찰일 이후에만 유효하게 인정된다.	<b>정답</b>: ① 직접 제조하는 경우는 제조업체로, 다른 제조업자의 물품을 구매해 공급하는 경우는 공급업체로 등록하며 제출서류가 달라진다.<br><br>제조업체 등록과 공급업체 등록은 제출서류(공장등록증, 직접생산확인기준 등)가 다르며, 제조 능력이 있더라도 제조업체로 등록하지 않으면 제조물품 입찰에 참가할 수 없다.<br><br><b>근거</b>: 물품으로 나라장터에 경쟁입찰참가자격 등록을 신청하는 경우, 직접 제조하는 경우는 제조업체로, 다른 제조업자의 물품을 구매해 공급(유통)하는 경우는 공급업체로 등록하는 과정에서 공장등록증과 직접생산확인기준(제조공정표) 등 제출서류가 달라진다.<br><b>출처</b>: docs/공식책/공공조달 계획분석.pdf#제4장-경쟁입찰참가자격-등록	subject_2 S2.M2.SB1.D1 positive source
경쟁입찰참가자격 등록에서 조심할 선택지는?<br><br>나라장터 경쟁입찰참가자격 등록에 대한 설명으로 옳은 것은?	① 직접 제조하는 경우는 제조업체로, 다른 제조업자의 물품을 구매해 공급하는 경우는 공급업체로 등록하며 제출서류가 달라진다. — 제조업체·공급업체 등록 구분과 제출서류 차이를 정확히 서술해 정답이다.<br>② 제조업체와 공급업체는 등록 구분 없이 동일한 서류를 제출한다. — 공장등록증, 직접생산확인기준 등 제출서류가 서로 다르다.<br>③ 제조 능력이 있으면 해당 물품의 제조업체로 등록하지 않아도 제조물품 입찰에 참가할 수 있다. — 제조 능력이 있어도 해당 물품의 제조업체로 등록하지 않으면 입찰에 참가할 수 없다.<br>④ 입찰참가자격 등록은 개찰일 이후에만 유효하게 인정된다. — 유효한 입찰참가자격 등록일은 입찰집행일(개찰일) 전을 기준으로 한다.<br><br><b>난이도</b>: 중요	subject_2 S2.M2.SB1.D1 positive trap
[핵심개념] 과업내용 적정성 검토	"<b>출제 포인트</b>: 사전규격공개는 입찰공고 이전 잠재적 공급업체와 관련 이해관계자(협회·조합 등 단체, 기업, 개인 등)에게 사전규격공개를 통해 공개된 주요 조달요구와 조건의 적정성 관련 의견을 최종 수렴하는 과정을 의미한다. 공급업체는 구매규격서(기술규격, 과업내용, 설계도, 평가기준 등)에서 추가나 삭제, 보완 등 개선의견이 있는 경우 규격공개 의견을 등록한다.<br><br><b>문제 연결</b>: 사전규격공개는 입찰공고 ""이전"" 단계의 의견 수렴 절차이며, 대상은 기술규격·과업내용·설계도·평가기준을 담은 구매규격서다. 단체뿐 아니라 기업·개인도 의견을 낼 수 있다.<br><b>출처</b>: docs/공식책/공공조달 계획분석.pdf#제4장-제2절-사전규격공개-분석"	subject_2 S2.M2.SB2.D1 positive concept
[기본형] 사전규격공개 제도에 대한 설명으로 옳은 것은?<br><br>① 입찰공고 이전에 잠재적 공급업체와 이해관계자에게 주요 조달요구와 조건의 적정성에 관한 의견을 수렴하는 절차다.<br>② 입찰공고와 동시에 진행되며 낙찰자 결정 직전까지 의견을 받는다.<br>③ 공개 대상은 예정가격에 한정되며 기술규격이나 과업내용은 제외된다.<br>④ 의견 제시 주체는 협회·조합 등 단체로 한정되고 개별 기업은 참여할 수 없다.	"<b>정답</b>: ① 입찰공고 이전에 잠재적 공급업체와 이해관계자에게 주요 조달요구와 조건의 적정성에 관한 의견을 수렴하는 절차다.<br><br>사전규격공개는 입찰공고 ""이전"" 단계의 의견 수렴 절차이며, 대상은 기술규격·과업내용·설계도·평가기준을 담은 구매규격서다. 단체뿐 아니라 기업·개인도 의견을 낼 수 있다.<br><br><b>근거</b>: 사전규격공개는 입찰공고 이전 잠재적 공급업체와 관련 이해관계자(협회·조합 등 단체, 기업, 개인 등)에게 사전규격공개를 통해 공개된 주요 조달요구와 조건의 적정성 관련 의견을 최종 수렴하는 과정을 의미한다. 공급업체는 구매규격서(기술규격, 과업내용, 설계도, 평가기준 등)에서 추가나 삭제, 보완 등 개선의견이 있는 경우 규격공개 의견을 등록한다.<br><b>출처</b>: docs/공식책/공공조달 계획분석.pdf#제4장-제2절-사전규격공개-분석"	subject_2 S2.M2.SB2.D1 positive source
과업내용 적정성 검토에서 조심할 선택지는?<br><br>사전규격공개 제도에 대한 설명으로 옳은 것은?	① 입찰공고 이전에 잠재적 공급업체와 이해관계자에게 주요 조달요구와 조건의 적정성에 관한 의견을 수렴하는 절차다. — 입찰공고 이전의 의견 수렴 절차라는 성격을 정확히 서술해 정답이다.<br>② 입찰공고와 동시에 진행되며 낙찰자 결정 직전까지 의견을 받는다. — 사전규격공개는 입찰공고 이전에 이루어지는 절차다.<br>③ 공개 대상은 예정가격에 한정되며 기술규격이나 과업내용은 제외된다. — 공개 대상은 기술규격, 과업내용, 설계도, 평가기준 등을 담은 구매규격서다.<br>④ 의견 제시 주체는 협회·조합 등 단체로 한정되고 개별 기업은 참여할 수 없다. — 협회·조합 등 단체뿐 아니라 기업, 개인도 의견 제시 주체에 포함된다.<br><br><b>난이도</b>: 중요	subject_2 S2.M2.SB2.D1 positive trap
[핵심개념] 입찰보증금 제출방법	<b>출제 포인트</b>: 입찰공고에 따라 입찰에 참가하기 위해서는 입찰참가 신청마감일까지 입찰참가 신청서와 함께 입찰금액의 100분의 5 이상에 해당하는 금액을 납부해야 한다. 다만 신용거래불량자, 계약 담당 공무원이 입찰보증금 납부가 필요하다고 결정한 경우 외에는 입찰보증금을 면제할 수 있다.<br><br><b>문제 연결</b>: 입찰보증금은 입찰금액의 100분의 5 이상이며, 계약보증금(계약금액의 100분의 10 이상)과 혼동하지 않아야 한다. 원칙적으로 면제가 가능한 점도 함께 기억해 두자.<br><b>출처</b>: docs/공식책/공공조달 계획분석.pdf#제4장-입찰보증금-제출방법	subject_2 S2.M2.SB3.D3 numeric concept
[숫자 암기] 입찰참가 신청 시 납부해야 하는 입찰보증금의 기준으로 옳은 것은?<br><br>① 입찰금액의 100분의 5 이상<br>② 입찰금액의 100분의 10 이상<br>③ 입찰금액의 100분의 2 이상<br>④ 입찰금액의 100분의 20 이상	<b>정답</b>: ① 입찰금액의 100분의 5 이상<br><br>입찰보증금은 입찰금액의 100분의 5 이상이며, 계약보증금(계약금액의 100분의 10 이상)과 혼동하지 않아야 한다. 원칙적으로 면제가 가능한 점도 함께 기억해 두자.<br><br><b>근거</b>: 입찰공고에 따라 입찰에 참가하기 위해서는 입찰참가 신청마감일까지 입찰참가 신청서와 함께 입찰금액의 100분의 5 이상에 해당하는 금액을 납부해야 한다. 다만 신용거래불량자, 계약 담당 공무원이 입찰보증금 납부가 필요하다고 결정한 경우 외에는 입찰보증금을 면제할 수 있다.<br><b>출처</b>: docs/공식책/공공조달 계획분석.pdf#제4장-입찰보증금-제출방법	subject_2 S2.M2.SB3.D3 numeric source
입찰보증금 제출방법에서 조심할 선택지는?<br><br>입찰참가 신청 시 납부해야 하는 입찰보증금의 기준으로 옳은 것은?	① 입찰금액의 100분의 5 이상 — 입찰금액의 100분의 5 이상이라는 기준으로 정답이다.<br>② 입찰금액의 100분의 10 이상 — 100분의 10 이상은 계약보증금의 원칙적 기준이다.<br>③ 입찰금액의 100분의 2 이상 — 100분의 2는 규정된 기준이 아니다.<br>④ 입찰금액의 100분의 20 이상 — 100분의 20은 규정된 기준이 아니다.<br><br><b>난이도</b>: 함정	subject_2 S2.M2.SB3.D3 numeric trap
[핵심개념] 입찰·낙찰 방법별 평가위원회 구성에 대한 이해	<b>출제 포인트</b>: 평가위원회는 조달대상물과 관련된 산업계, 학계, 정부, 연구계 등 다양한 분야의 전문가로 구성되며, 입찰참가 기업과 이해충돌 관계가 없는 인물로 선정하는 절차가 일반적이다. 평가위원으로 참여하는 전문가는 평가 과정에서 획득한 정보는 철저하게 비밀을 유지해야 한다.<br><br><b>문제 연결</b>: 평가위원회는 외부 전문가를 포함해 다양한 분야로 구성하고 이해충돌이 없는 사람을 선정한다. 내부 인력만으로 평가할 경우 신뢰성·공정성 우려가 생기기 때문이다. 평가위원 풀에서 무작위 선정하는 방식도 운영된다.<br><b>출처</b>: docs/공식책/공공조달 계획분석.pdf#제5장-제2절-평가위원회-구성-및-이해충돌-방지	subject_2 S2.M3.SB2.D1 positive concept
[기본형] 제안서 평가를 위한 평가위원회 구성에 대한 설명으로 옳은 것은?<br><br>① 조달대상물과 관련된 산업계·학계·정부·연구계 등 다양한 분야의 전문가로 구성하며, 입찰참가 기업과 이해충돌 관계가 없는 인물로 선정한다.<br>② 평가의 일관성을 위해 수요기관 내부 인력만으로 구성하는 것이 원칙이다.<br>③ 평가위원은 평가 과정에서 획득한 정보를 자유롭게 외부에 공개할 수 있다.<br>④ 평가위원 풀을 운영하는 경우에도 위원은 발주기관이 지명 방식으로만 선정한다.	<b>정답</b>: ① 조달대상물과 관련된 산업계·학계·정부·연구계 등 다양한 분야의 전문가로 구성하며, 입찰참가 기업과 이해충돌 관계가 없는 인물로 선정한다.<br><br>평가위원회는 외부 전문가를 포함해 다양한 분야로 구성하고 이해충돌이 없는 사람을 선정한다. 내부 인력만으로 평가할 경우 신뢰성·공정성 우려가 생기기 때문이다. 평가위원 풀에서 무작위 선정하는 방식도 운영된다.<br><br><b>근거</b>: 평가위원회는 조달대상물과 관련된 산업계, 학계, 정부, 연구계 등 다양한 분야의 전문가로 구성되며, 입찰참가 기업과 이해충돌 관계가 없는 인물로 선정하는 절차가 일반적이다. 평가위원으로 참여하는 전문가는 평가 과정에서 획득한 정보는 철저하게 비밀을 유지해야 한다.<br><b>출처</b>: docs/공식책/공공조달 계획분석.pdf#제5장-제2절-평가위원회-구성-및-이해충돌-방지	subject_2 S2.M3.SB2.D1 positive source
입찰·낙찰 방법별 평가위원회 구성에 대한 이해에서 조심할 선택지는?<br><br>제안서 평가를 위한 평가위원회 구성에 대한 설명으로 옳은 것은?	① 조달대상물과 관련된 산업계·학계·정부·연구계 등 다양한 분야의 전문가로 구성하며, 입찰참가 기업과 이해충돌 관계가 없는 인물로 선정한다. — 전문가 구성과 이해충돌 배제 기준을 정확히 서술해 정답이다.<br>② 평가의 일관성을 위해 수요기관 내부 인력만으로 구성하는 것이 원칙이다. — 내부 인력만으로 평가하면 신뢰성·공정성 우려가 발생하므로 외부 전문가 구성이 바람직하다.<br>③ 평가위원은 평가 과정에서 획득한 정보를 자유롭게 외부에 공개할 수 있다. — 평가위원은 평가 과정에서 획득한 정보에 대해 철저히 비밀을 유지해야 한다.<br>④ 평가위원 풀을 운영하는 경우에도 위원은 발주기관이 지명 방식으로만 선정한다. — 평가위원 풀에 등록한 뒤 무작위로 선정해 위원회를 구성하는 방식도 운영된다.<br><br><b>난이도</b>: 중요	subject_2 S2.M3.SB2.D1 positive trap
[핵심개념] 이해상충 평가위원에 대한 회피	"<b>출제 포인트</b>: 평가위원회에서 활동하는 전문가가 평가·검토·선발위원회 활동 참여 동의서와 증빙서류를 제출해야 하며, 이를 통해 수요기관은 해당 전문가의 전문성과 자격요건을 검증하고 잠재적인 이해충돌 우려를 사전에 검토한다.<br><br><b>문제 연결</b>: 이해충돌은 위원 선정 단계에서 ""사전에"" 검토·차단해야 하는 사항이다. 사후 확인으로 갈음한다는 서술이 오답 포인트다.<br><b>출처</b>: docs/공식책/공공조달 계획분석.pdf#제5장-이해충돌-사전-검토"	subject_2 S2.M3.SB2.D2 negative concept
[부정형] 평가위원의 이해충돌 방지에 대한 설명으로 옳지 않은 것은?<br><br>① 수요기관은 전문가의 전문성과 자격요건을 검증하고 잠재적 이해충돌 우려를 사전에 검토한다.<br>② 평가·검토·선발위원회 활동 참여 동의서와 증빙서류를 제출하도록 할 수 있다.<br>③ 평가위원은 입찰참가 기업과 이해충돌 관계가 없는 인물로 선정한다.<br>④ 이해충돌 여부는 평가 종료 후 결과를 공개하는 시점에 확인하면 충분하다.	"<b>정답</b>: ④ 이해충돌 여부는 평가 종료 후 결과를 공개하는 시점에 확인하면 충분하다.<br><br>이해충돌은 위원 선정 단계에서 ""사전에"" 검토·차단해야 하는 사항이다. 사후 확인으로 갈음한다는 서술이 오답 포인트다.<br><br><b>근거</b>: 평가위원회에서 활동하는 전문가가 평가·검토·선발위원회 활동 참여 동의서와 증빙서류를 제출해야 하며, 이를 통해 수요기관은 해당 전문가의 전문성과 자격요건을 검증하고 잠재적인 이해충돌 우려를 사전에 검토한다.<br><b>출처</b>: docs/공식책/공공조달 계획분석.pdf#제5장-이해충돌-사전-검토"	subject_2 S2.M3.SB2.D2 negative source
이해상충 평가위원에 대한 회피에서 조심할 선택지는?<br><br>평가위원의 이해충돌 방지에 대한 설명으로 옳지 않은 것은?	① 수요기관은 전문가의 전문성과 자격요건을 검증하고 잠재적 이해충돌 우려를 사전에 검토한다. — 전문성·자격요건 검증과 이해충돌 사전 검토는 수요기관의 역할이다.<br>② 평가·검토·선발위원회 활동 참여 동의서와 증빙서류를 제출하도록 할 수 있다. — 활동 참여 동의서와 증빙서류 제출은 실제 운영되는 절차다.<br>③ 평가위원은 입찰참가 기업과 이해충돌 관계가 없는 인물로 선정한다. — 이해충돌 관계가 없는 인물을 선정하는 것이 일반적 절차다.<br>④ 이해충돌 여부는 평가 종료 후 결과를 공개하는 시점에 확인하면 충분하다. — 이해충돌은 사전에 검토해야 하며 사후 확인으로 갈음할 수 없으므로 옳지 않다.<br><br><b>난이도</b>: 함정	subject_2 S2.M3.SB2.D2 negative trap
[핵심개념] 기술(규격) 적합자 및 우선협상대상자 이해	"<b>출제 포인트</b>: 낙찰자를 선정하기 위한 평가 방법은 크게 기술중시형, 기술가격균형형, 가격중시형으로 분류할 수 있으며, 기술 분야와 가격 분야의 평가 가중치 70(기술):30(가격)을 기준으로 유형별 최대 20점 범위내에서 가감 조정 반영할 수 있다.<br><br><b>문제 연결</b>: 기본 가중치는 기술 70 : 가격 30이며, 기술중시형·기술가격균형형·가격중시형에 따라 최대 20점 범위에서 가감 조정할 수 있다. ""고정되어 조정 불가""라는 선택지가 함정이다.<br><b>출처</b>: docs/공식책/공공조달 계획분석.pdf#제5장-협상에-의한-계약-제안서-평가기준"	subject_2 S2.M3.SB3.D1 numeric concept
[숫자 암기] 협상에 의한 계약에서 낙찰자 선정을 위한 기술 분야와 가격 분야의 기준 평가 가중치와 조정 범위로 옳은 것은?<br><br>① 기술 70 : 가격 30을 기준으로 유형별 최대 20점 범위 내에서 가감 조정<br>② 기술 80 : 가격 20을 기준으로 유형별 최대 10점 범위 내에서 가감 조정<br>③ 기술 50 : 가격 50을 기준으로 유형별 최대 20점 범위 내에서 가감 조정<br>④ 기술 70 : 가격 30으로 고정되며 조정할 수 없다.	"<b>정답</b>: ① 기술 70 : 가격 30을 기준으로 유형별 최대 20점 범위 내에서 가감 조정<br><br>기본 가중치는 기술 70 : 가격 30이며, 기술중시형·기술가격균형형·가격중시형에 따라 최대 20점 범위에서 가감 조정할 수 있다. ""고정되어 조정 불가""라는 선택지가 함정이다.<br><br><b>근거</b>: 낙찰자를 선정하기 위한 평가 방법은 크게 기술중시형, 기술가격균형형, 가격중시형으로 분류할 수 있으며, 기술 분야와 가격 분야의 평가 가중치 70(기술):30(가격)을 기준으로 유형별 최대 20점 범위내에서 가감 조정 반영할 수 있다.<br><b>출처</b>: docs/공식책/공공조달 계획분석.pdf#제5장-협상에-의한-계약-제안서-평가기준"	subject_2 S2.M3.SB3.D1 numeric source
기술(규격) 적합자 및 우선협상대상자 이해에서 조심할 선택지는?<br><br>협상에 의한 계약에서 낙찰자 선정을 위한 기술 분야와 가격 분야의 기준 평가 가중치와 조정 범위로 옳은 것은?	① 기술 70 : 가격 30을 기준으로 유형별 최대 20점 범위 내에서 가감 조정 — 70:30 기준과 최대 20점 조정 범위를 정확히 서술해 정답이다.<br>② 기술 80 : 가격 20을 기준으로 유형별 최대 10점 범위 내에서 가감 조정 — 80:20은 기준 가중치가 아니며 조정 범위도 다르다.<br>③ 기술 50 : 가격 50을 기준으로 유형별 최대 20점 범위 내에서 가감 조정 — 50:50은 기준 가중치가 아니다.<br>④ 기술 70 : 가격 30으로 고정되며 조정할 수 없다. — 유형별로 최대 20점 범위에서 가감 조정할 수 있으므로 고정이 아니다.<br><br><b>난이도</b>: 함정	subject_2 S2.M3.SB3.D1 numeric trap
[핵심개념] 일반·제한·지명 경쟁입찰 절차	<b>출제 포인트</b>: ‘①평가위원 선정(평가 전일) → ②평가위원 출석 확인 → ③위원장 선출 → ④평가회의 개최 → ⑤평가개요 소개 → ⑥수요기관의 사업설명 → ⑦평가위원 사전 검토 → ⑧공급업체 제안 발표 → ⑨제안서 평가 → ⑩평가보고서(결과표), 서명 → ⑪가격제안서 평가(개찰) → ⑫우선협상대상자 선정’ 등 12개 절차로 구성되어 있다.<br><br><b>문제 연결</b>: 기술(제안서) 평가를 마치고 서명한 뒤 ⑪가격제안서 평가(개찰)를 거쳐 ⑫우선협상대상자를 선정한다. 기술평가와 가격평가의 순서가 핵심이다.<br><b>출처</b>: docs/공식책/공공조달 계획분석.pdf#제5장-제안서-평가-및-협상-12개-절차	subject_2 S2.M3.SB1.D1 box-blank concept
[박스 빈칸] 다음은 협상에 의한 계약의 제안서 평가·협상 절차 일부이다. ( ㄱ )에 들어갈 단계로 옳은 것은?<br><br><div style='border-left:3px solid #6f8f73;padding-left:10px'>⑧ 공급업체 제안 발표<br>⑨ 제안서 평가(정량: 수요기관, 정성: 평가위원)<br>⑩ 평가보고서(결과표), 서명<br>⑪ ( ㄱ )<br>⑫ 우선협상대상자 선정</div><br><br>① 가격제안서 평가(개찰)<br>② 평가위원 선정<br>③ 수요기관의 사업설명<br>④ 계약 체결 및 착수보고	<b>정답</b>: ① 가격제안서 평가(개찰)<br><br>기술(제안서) 평가를 마치고 서명한 뒤 ⑪가격제안서 평가(개찰)를 거쳐 ⑫우선협상대상자를 선정한다. 기술평가와 가격평가의 순서가 핵심이다.<br><br><b>근거</b>: ‘①평가위원 선정(평가 전일) → ②평가위원 출석 확인 → ③위원장 선출 → ④평가회의 개최 → ⑤평가개요 소개 → ⑥수요기관의 사업설명 → ⑦평가위원 사전 검토 → ⑧공급업체 제안 발표 → ⑨제안서 평가 → ⑩평가보고서(결과표), 서명 → ⑪가격제안서 평가(개찰) → ⑫우선협상대상자 선정’ 등 12개 절차로 구성되어 있다.<br><b>출처</b>: docs/공식책/공공조달 계획분석.pdf#제5장-제안서-평가-및-협상-12개-절차	subject_2 S2.M3.SB1.D1 box-blank source
일반·제한·지명 경쟁입찰 절차에서 조심할 선택지는?<br><br>다음은 협상에 의한 계약의 제안서 평가·협상 절차 일부이다. ( ㄱ )에 들어갈 단계로 옳은 것은?	① 가격제안서 평가(개찰) — ⑩ 평가보고서 서명 다음, ⑫ 우선협상대상자 선정 직전 단계는 가격제안서 평가(개찰)이므로 정답이다.<br>② 평가위원 선정 — 평가위원 선정은 ① 단계로 평가 전일에 이루어진다.<br>③ 수요기관의 사업설명 — 수요기관의 사업설명은 ⑥ 단계에 해당한다.<br>④ 계약 체결 및 착수보고 — 계약 체결은 우선협상대상자 선정과 협상 이후의 절차다.<br><br><b>난이도</b>: 중요	subject_2 S2.M3.SB1.D1 box-blank trap
[핵심개념] 적격심사 절차 및 낙찰자 결정	<b>출제 포인트</b>: 과도한 최저가 경쟁이 발생하지 않도록 사전 일정 수준 이상의 가격으로 투찰하도록 하한선을 설정하고, 해당 가격 이상으로 투찰한 경우에 기술적, 품질적 요구 수준을 평가한 점수와 이를 가격평가 점수를 합산해 평가하는 방법도 존재한다. 국내에서는 이 방법을 적격심사낙찰제 또는 계약 이행능력심사제라고 한다.<br><br><b>문제 연결</b>: 적격심사낙찰제(계약 이행능력심사제)는 투찰 하한선을 두고 기술·품질 평가와 가격평가를 합산하는 방식이다. 2단계경쟁(규격가격분리)입찰이나 희망수량경쟁입찰과 구분해야 한다.<br><b>출처</b>: docs/공식책/공공조달 계획분석.pdf#제2절-평가-적격심사낙찰제	subject_2 S2.M3.SB4.D1 concept-diff concept
[개념 구별] 적격심사낙찰제에 대한 설명으로 옳은 것은?<br><br>① 과도한 최저가 경쟁을 막기 위해 투찰가격 하한선을 설정하고, 하한선 이상 투찰한 자를 대상으로 기술·품질 평가점수와 가격평가 점수를 합산해 평가하는 방법으로 계약 이행능력심사제라고도 한다.<br>② 가격을 전혀 고려하지 않고 기술 점수만으로 낙찰자를 결정하는 방법이다.<br>③ 규격과 가격을 분리해 2단계로 진행하는 입찰을 가리키는 용어다.<br>④ 희망하는 수량을 제시해 낙찰자를 결정하는 방법이다.	<b>정답</b>: ① 과도한 최저가 경쟁을 막기 위해 투찰가격 하한선을 설정하고, 하한선 이상 투찰한 자를 대상으로 기술·품질 평가점수와 가격평가 점수를 합산해 평가하는 방법으로 계약 이행능력심사제라고도 한다.<br><br>적격심사낙찰제(계약 이행능력심사제)는 투찰 하한선을 두고 기술·품질 평가와 가격평가를 합산하는 방식이다. 2단계경쟁(규격가격분리)입찰이나 희망수량경쟁입찰과 구분해야 한다.<br><br><b>근거</b>: 과도한 최저가 경쟁이 발생하지 않도록 사전 일정 수준 이상의 가격으로 투찰하도록 하한선을 설정하고, 해당 가격 이상으로 투찰한 경우에 기술적, 품질적 요구 수준을 평가한 점수와 이를 가격평가 점수를 합산해 평가하는 방법도 존재한다. 국내에서는 이 방법을 적격심사낙찰제 또는 계약 이행능력심사제라고 한다.<br><b>출처</b>: docs/공식책/공공조달 계획분석.pdf#제2절-평가-적격심사낙찰제	subject_2 S2.M3.SB4.D1 concept-diff source
적격심사 절차 및 낙찰자 결정에서 조심할 선택지는?<br><br>적격심사낙찰제에 대한 설명으로 옳은 것은?	① 과도한 최저가 경쟁을 막기 위해 투찰가격 하한선을 설정하고, 하한선 이상 투찰한 자를 대상으로 기술·품질 평가점수와 가격평가 점수를 합산해 평가하는 방법으로 계약 이행능력심사제라고도 한다. — 하한선 설정과 기술·품질·가격 합산 평가라는 특징을 정확히 서술해 정답이다.<br>② 가격을 전혀 고려하지 않고 기술 점수만으로 낙찰자를 결정하는 방법이다. — 적격심사낙찰제는 가격평가 점수를 합산하므로 가격을 고려한다.<br>③ 규격과 가격을 분리해 2단계로 진행하는 입찰을 가리키는 용어다. — 규격과 가격을 분리해 진행하는 것은 2단계경쟁(규격가격분리)입찰이다.<br>④ 희망하는 수량을 제시해 낙찰자를 결정하는 방법이다. — 희망 수량을 제시해 낙찰자를 결정하는 것은 희망수량경쟁입찰이다.<br><br><b>난이도</b>: 함정	subject_2 S2.M3.SB4.D1 concept-diff trap
[핵심개념] 무효입찰 사유	<b>출제 포인트</b>: 지정정보처리장치를 이용한 전자입찰 방식으로 진행되므로 입찰공고와 관련 전자입찰특별유의서의 내용을 확인하여 무효입찰이 되지 않도록 해야함. 계약집행기준의 입찰유의서에 정한 입찰무효 해당 여부 확인을 위하여 등록정보 확인을 위한 서류 제출을 요청받은 경우, 낙찰대상자는 관계서류를 제출하여야 합니다.<br><br><b>문제 연결</b>: 등록정보(상호·대표자명 등) 미변경은 대표적인 입찰무효 사유로, 사전에 점검해야 한다. 개찰 이후에 정리하면 된다는 서술은 옳지 않다.<br><b>출처</b>: docs/공식책/공공조달 계획분석.pdf#제4장-입찰참가자-유의사항-무효입찰	subject_2 S2.M2.SB5.D2 negative concept
[부정형] 무효입찰을 피하기 위한 입찰 준비에 대한 설명으로 옳지 않은 것은?<br><br>① 지정정보처리장치를 이용한 전자입찰 방식이므로 입찰공고와 전자입찰특별유의서의 내용을 확인해야 한다.<br>② 입찰유의서, 물품구매계약일반조건·특수조건, 구매시방서 등 입찰공고에 첨부된 규정과 문서를 확인해야 한다.<br>③ 낙찰대상자는 등록정보 확인을 위한 서류 제출을 요청받은 경우 관계서류를 제출해야 한다.<br>④ 입찰참가자격 등록정보는 개찰 이후에 변경해도 무효입찰 사유가 되지 않는다.	<b>정답</b>: ④ 입찰참가자격 등록정보는 개찰 이후에 변경해도 무효입찰 사유가 되지 않는다.<br><br>등록정보(상호·대표자명 등) 미변경은 대표적인 입찰무효 사유로, 사전에 점검해야 한다. 개찰 이후에 정리하면 된다는 서술은 옳지 않다.<br><br><b>근거</b>: 지정정보처리장치를 이용한 전자입찰 방식으로 진행되므로 입찰공고와 관련 전자입찰특별유의서의 내용을 확인하여 무효입찰이 되지 않도록 해야함. 계약집행기준의 입찰유의서에 정한 입찰무효 해당 여부 확인을 위하여 등록정보 확인을 위한 서류 제출을 요청받은 경우, 낙찰대상자는 관계서류를 제출하여야 합니다.<br><b>출처</b>: docs/공식책/공공조달 계획분석.pdf#제4장-입찰참가자-유의사항-무효입찰	subject_2 S2.M2.SB5.D2 negative source
무효입찰 사유에서 조심할 선택지는?<br><br>무효입찰을 피하기 위한 입찰 준비에 대한 설명으로 옳지 않은 것은?	① 지정정보처리장치를 이용한 전자입찰 방식이므로 입찰공고와 전자입찰특별유의서의 내용을 확인해야 한다. — 전자입찰특별유의서 확인은 무효입찰 방지를 위한 필수 절차다.<br>② 입찰유의서, 물품구매계약일반조건·특수조건, 구매시방서 등 입찰공고에 첨부된 규정과 문서를 확인해야 한다. — 입찰공고 첨부 규정·문서의 확인은 입찰참가자 유의사항에 해당한다.<br>③ 낙찰대상자는 등록정보 확인을 위한 서류 제출을 요청받은 경우 관계서류를 제출해야 한다. — 낙찰대상자의 관계서류 제출 의무는 계약집행기준에 규정되어 있다.<br>④ 입찰참가자격 등록정보는 개찰 이후에 변경해도 무효입찰 사유가 되지 않는다. — 등록정보 미변경은 입찰무효 사유이므로 사전에 점검해야 하며 개찰 이후 변경으로 해소되지 않는다.<br><br><b>난이도</b>: 함정	subject_2 S2.M2.SB5.D2 negative trap
[핵심개념] 공공조달 수요자	<b>출제 포인트</b>: 공공조달의 수요자는 공공서비스 제공에 필요한 조달수요를 발생시키고 요구사항 제시, 검수, 활용 등 조달 과정에 참여한다.<br><br><b>문제 연결</b>: 수요자는 공공조달에서 필요한 대상과 요구사항을 제시하는 주체다. 공급자, 감독기관, 시스템 운영자와 역할을 구분해야 한다.<br><b>출처</b>: docs/공식책/공공조달의 이해.pdf#공공조달-참여자-수요자	subject_1 S1.M1.SB2.D1 positive concept
[기본형] 공공조달에서 수요자에 대한 설명으로 옳은 것은?<br><br>① 공공서비스 수행에 필요한 물품·용역·공사를 요구하고 조달수요를 제기하는 공공기관 또는 이용 주체이다.<br>② 입찰에 참가하여 계약상대자가 되는 민간 공급업체만을 의미한다.<br>③ 계약 위반 여부만 감사하는 외부 통제기관만을 의미한다.<br>④ 목록번호를 부여하는 정보시스템 운영자만을 의미한다.	<b>정답</b>: ① 공공서비스 수행에 필요한 물품·용역·공사를 요구하고 조달수요를 제기하는 공공기관 또는 이용 주체이다.<br><br>수요자는 공공조달에서 필요한 대상과 요구사항을 제시하는 주체다. 공급자, 감독기관, 시스템 운영자와 역할을 구분해야 한다.<br><br><b>근거</b>: 공공조달의 수요자는 공공서비스 제공에 필요한 조달수요를 발생시키고 요구사항 제시, 검수, 활용 등 조달 과정에 참여한다.<br><b>출처</b>: docs/공식책/공공조달의 이해.pdf#공공조달-참여자-수요자	subject_1 S1.M1.SB2.D1 positive source
공공조달 수요자에서 조심할 선택지는?<br><br>공공조달에서 수요자에 대한 설명으로 옳은 것은?	① 공공서비스 수행에 필요한 물품·용역·공사를 요구하고 조달수요를 제기하는 공공기관 또는 이용 주체이다. — 공공서비스 수행을 위한 조달수요 제기라는 수요자의 역할을 정확히 설명한다.<br>② 입찰에 참가하여 계약상대자가 되는 민간 공급업체만을 의미한다. — 계약상대자가 되는 민간 업체는 공급자에 가깝다.<br>③ 계약 위반 여부만 감사하는 외부 통제기관만을 의미한다. — 감사·통제기관은 수요자 자체가 아니다.<br>④ 목록번호를 부여하는 정보시스템 운영자만을 의미한다. — 목록정보 운영은 전자조달 지원 기능이지 수요자의 정의가 아니다.<br><br><b>난이도</b>: 기초	subject_1 S1.M1.SB2.D1 positive trap
[핵심개념] 공공조달 공급자	<b>출제 포인트</b>: 공급자는 공공조달 시장에서 수요기관의 요구에 따라 물품·용역·공사를 공급하며, 입찰참가자격과 계약 이행 의무를 부담한다.<br><br><b>문제 연결</b>: 공급자는 계약상대자로서 공급과 이행 책임을 지는 주체다. 예산 편성과 지출 권한은 수요기관과 재정 절차의 영역이다.<br><b>출처</b>: docs/공식책/공공조달의 이해.pdf#공공조달-참여자-공급자	subject_1 S1.M1.SB2.D2 negative concept
[부정형] 공공조달 공급자에 대한 설명으로 옳지 않은 것은?<br><br>① 입찰·견적·제안 등을 통해 공공수요를 충족할 물품·용역·공사를 제공한다.<br>② 계약 이행 과정에서 납품, 과업수행, 하자보수 등 의무를 부담할 수 있다.<br>③ 조달시장 참여를 위해 등록, 자격, 실적 등 요건을 갖추어야 할 수 있다.<br>④ 공공조달 예산을 편성하고 지출 권한을 항상 독점하는 주체이다.	<b>정답</b>: ④ 공공조달 예산을 편성하고 지출 권한을 항상 독점하는 주체이다.<br><br>공급자는 계약상대자로서 공급과 이행 책임을 지는 주체다. 예산 편성과 지출 권한은 수요기관과 재정 절차의 영역이다.<br><br><b>근거</b>: 공급자는 공공조달 시장에서 수요기관의 요구에 따라 물품·용역·공사를 공급하며, 입찰참가자격과 계약 이행 의무를 부담한다.<br><b>출처</b>: docs/공식책/공공조달의 이해.pdf#공공조달-참여자-공급자	subject_1 S1.M1.SB2.D2 negative source
공공조달 공급자에서 조심할 선택지는?<br><br>공공조달 공급자에 대한 설명으로 옳지 않은 것은?	① 입찰·견적·제안 등을 통해 공공수요를 충족할 물품·용역·공사를 제공한다. — 입찰·견적·제안을 통한 공급은 공급자의 역할이다.<br>② 계약 이행 과정에서 납품, 과업수행, 하자보수 등 의무를 부담할 수 있다. — 계약 이행상 의무 부담은 공급자의 핵심 책임이다.<br>③ 조달시장 참여를 위해 등록, 자격, 실적 등 요건을 갖추어야 할 수 있다. — 등록·자격 요건은 조달시장 참여 조건이 될 수 있다.<br>④ 공공조달 예산을 편성하고 지출 권한을 항상 독점하는 주체이다. — 예산 편성과 지출 권한 독점은 공급자의 역할이 아니므로 정답이다.<br><br><b>난이도</b>: 기초	subject_1 S1.M1.SB2.D2 negative trap
[핵심개념] 분산형 공공조달	<b>출제 포인트</b>: 분산형 조달은 각 기관이 자체적으로 조달을 수행하는 방식으로 기관별 특수성과 신속한 대응에는 장점이 있으나 전문성·통일성 확보가 과제가 될 수 있다.<br><br><b>문제 연결</b>: 분산형 조달은 기관별 자율성과 현장 대응성이 장점이다. 중앙집중형은 규모의 경제와 표준화에 유리하다는 점과 구분한다.<br><b>출처</b>: docs/공식책/공공조달의 이해.pdf#공공조달-유형-분산형	subject_1 S1.M2.SB2.D2 concept-diff concept
[개념 구별] 중앙집중형 조달과 비교한 분산형 공공조달의 특징으로 옳은 것은?<br><br>① 개별 수요기관이 자체 수요와 현장 여건에 맞추어 조달을 수행할 수 있어 대응성이 높다.<br>② 모든 구매를 중앙조달기관 한 곳만 수행하므로 수요기관의 재량이 없다.<br>③ 규모의 경제와 표준화가 항상 극대화되어 기관별 전문성이 필요 없다.<br>④ 전자조달시스템을 사용할 수 없는 조달 방식만을 의미한다.	<b>정답</b>: ① 개별 수요기관이 자체 수요와 현장 여건에 맞추어 조달을 수행할 수 있어 대응성이 높다.<br><br>분산형 조달은 기관별 자율성과 현장 대응성이 장점이다. 중앙집중형은 규모의 경제와 표준화에 유리하다는 점과 구분한다.<br><br><b>근거</b>: 분산형 조달은 각 기관이 자체적으로 조달을 수행하는 방식으로 기관별 특수성과 신속한 대응에는 장점이 있으나 전문성·통일성 확보가 과제가 될 수 있다.<br><b>출처</b>: docs/공식책/공공조달의 이해.pdf#공공조달-유형-분산형	subject_1 S1.M2.SB2.D2 concept-diff source
분산형 공공조달에서 조심할 선택지는?<br><br>중앙집중형 조달과 비교한 분산형 공공조달의 특징으로 옳은 것은?	① 개별 수요기관이 자체 수요와 현장 여건에 맞추어 조달을 수행할 수 있어 대응성이 높다. — 기관별 자율성과 대응성을 정확히 설명한다.<br>② 모든 구매를 중앙조달기관 한 곳만 수행하므로 수요기관의 재량이 없다. — 중앙조달기관 중심 수행은 중앙집중형에 가깝다.<br>③ 규모의 경제와 표준화가 항상 극대화되어 기관별 전문성이 필요 없다. — 규모의 경제와 표준화는 중앙집중형 장점으로 보는 것이 일반적이다.<br>④ 전자조달시스템을 사용할 수 없는 조달 방식만을 의미한다. — 분산형도 전자조달시스템을 활용할 수 있다.<br><br><b>난이도</b>: 중요	subject_1 S1.M2.SB2.D2 concept-diff trap
[핵심개념] 제한경쟁	<b>출제 포인트</b>: 제한경쟁은 계약의 목적·성질·규모 등을 고려해 필요한 자격 요건을 둔 경쟁입찰 방식이며 제한 사유는 공정성과 경쟁성을 해치지 않도록 합리적이어야 한다.<br><br><b>문제 연결</b>: 제한경쟁은 일정 자격 요건을 둔 경쟁입찰이다. 특정 업체 한 곳만 임의로 지정하는 설명과 구분해야 한다.<br><b>출처</b>: docs/공식책/공공조달의 이해.pdf#경쟁적-공공조달-제한경쟁	subject_1 S1.M2.SB3.D2 negative concept
[부정형] 제한경쟁입찰에 대한 설명으로 옳지 않은 것은?<br><br>① 계약 목적과 성질에 따라 실적, 기술, 지역 등 일정 요건을 갖춘 자로 참가 범위를 제한할 수 있다.<br>② 무분별한 제한은 공정성과 경쟁성을 해칠 수 있으므로 합리적 사유가 필요하다.<br>③ 일반경쟁보다 참가자 범위가 좁아질 수 있지만 경쟁 절차 자체는 유지된다.<br>④ 계약담당자는 아무 사유 없이 특정 업체 한 곳만 지정하여 항상 계약할 수 있다.	<b>정답</b>: ④ 계약담당자는 아무 사유 없이 특정 업체 한 곳만 지정하여 항상 계약할 수 있다.<br><br>제한경쟁은 일정 자격 요건을 둔 경쟁입찰이다. 특정 업체 한 곳만 임의로 지정하는 설명과 구분해야 한다.<br><br><b>근거</b>: 제한경쟁은 계약의 목적·성질·규모 등을 고려해 필요한 자격 요건을 둔 경쟁입찰 방식이며 제한 사유는 공정성과 경쟁성을 해치지 않도록 합리적이어야 한다.<br><b>출처</b>: docs/공식책/공공조달의 이해.pdf#경쟁적-공공조달-제한경쟁	subject_1 S1.M2.SB3.D2 negative source
제한경쟁에서 조심할 선택지는?<br><br>제한경쟁입찰에 대한 설명으로 옳지 않은 것은?	① 계약 목적과 성질에 따라 실적, 기술, 지역 등 일정 요건을 갖춘 자로 참가 범위를 제한할 수 있다. — 실적·기술·지역 등 요건 제한은 제한경쟁의 전형적 설명이다.<br>② 무분별한 제한은 공정성과 경쟁성을 해칠 수 있으므로 합리적 사유가 필요하다. — 합리적 사유 없는 제한은 경쟁성을 해칠 수 있다.<br>③ 일반경쟁보다 참가자 범위가 좁아질 수 있지만 경쟁 절차 자체는 유지된다. — 제한경쟁도 경쟁입찰의 일종이다.<br>④ 계약담당자는 아무 사유 없이 특정 업체 한 곳만 지정하여 항상 계약할 수 있다. — 임의로 한 업체만 지정하는 것은 제한경쟁 설명이 아니므로 정답이다.<br><br><b>난이도</b>: 함정	subject_1 S1.M2.SB3.D2 negative trap
[핵심개념] 전자조달시스템 기능	<b>출제 포인트</b>: 전자조달시스템은 공고, 입찰참가, 입찰서 제출, 개찰, 계약, 검사, 대금지급 등 조달 업무의 전자적 처리를 지원한다.<br><br><b>문제 연결</b>: 전자조달시스템은 조달 절차의 전자적 처리를 지원하지만 예산 편성권 자체를 민간 공급자에게 넘기는 기능은 아니다.<br><b>출처</b>: docs/공식책/공공조달의 이해.pdf#전자조달시스템-기능	subject_1 S1.M3.SB1.D5 box-multi concept
[박스 다중선택] 전자조달시스템의 기능으로 적절한 것을 모두 고른 것은?<br><br>ㄱ. 입찰공고와 입찰참가 신청의 전자적 처리<br>ㄴ. 전자입찰서 제출과 개찰 지원<br>ㄷ. 계약·검사·대금지급 등 계약 이행 과정의 정보 처리<br>ㄹ. 공공기관의 예산 편성권을 민간 공급자에게 이전<br><br>① ㄱ, ㄴ<br>② ㄱ, ㄴ, ㄷ<br>③ ㄴ, ㄷ, ㄹ<br>④ ㄱ, ㄴ, ㄷ, ㄹ	<b>정답</b>: ② ㄱ, ㄴ, ㄷ<br><br>전자조달시스템은 조달 절차의 전자적 처리를 지원하지만 예산 편성권 자체를 민간 공급자에게 넘기는 기능은 아니다.<br><br><b>근거</b>: 전자조달시스템은 공고, 입찰참가, 입찰서 제출, 개찰, 계약, 검사, 대금지급 등 조달 업무의 전자적 처리를 지원한다.<br><b>출처</b>: docs/공식책/공공조달의 이해.pdf#전자조달시스템-기능	subject_1 S1.M3.SB1.D5 box-multi source
전자조달시스템 기능에서 조심할 선택지는?<br><br>전자조달시스템의 기능으로 적절한 것을 모두 고른 것은?	① ㄱ, ㄴ — 계약 이행 과정 지원 기능인 ㄷ이 빠져 불완전하다.<br>② ㄱ, ㄴ, ㄷ — ㄱ, ㄴ, ㄷ은 모두 전자조달시스템 기능에 해당한다.<br>③ ㄴ, ㄷ, ㄹ — ㄹ은 전자조달시스템 기능이 아니므로 포함하면 틀린다.<br>④ ㄱ, ㄴ, ㄷ, ㄹ — ㄹ까지 포함해 과도하게 확장한 선택지다.<br><br><b>난이도</b>: 기초	subject_1 S1.M3.SB1.D5 box-multi trap
[핵심개념] 공공조달의 환경적 지속가능성 개요	<b>출제 포인트</b>: 녹색조달은 공공부문의 구매력을 활용해 환경적 지속가능성을 높이고 친환경 제품·서비스의 수요를 촉진하는 전략적 조달 수단이다.<br><br><b>문제 연결</b>: 녹색조달은 가격뿐 아니라 환경성과 지속가능성을 고려하는 조달이다. 경쟁 절차 생략이나 중소기업 배제와는 무관하다.<br><b>출처</b>: docs/공식책/공공조달의 이해.pdf#전략적-공공조달-녹색조달	subject_1 S1.M4.SB2.D1 positive concept
[기본형] 녹색조달의 취지로 옳은 것은?<br><br>① 공공구매 과정에서 환경성, 자원절약, 온실가스 감축 등 지속가능성을 고려하도록 하는 것이다.<br>② 항상 가장 낮은 가격만을 기준으로 구매하도록 하는 것이다.<br>③ 환경 기준을 이유로 모든 경쟁 절차를 생략하도록 하는 것이다.<br>④ 중소기업 제품 구매를 전면 금지하는 것이다.	<b>정답</b>: ① 공공구매 과정에서 환경성, 자원절약, 온실가스 감축 등 지속가능성을 고려하도록 하는 것이다.<br><br>녹색조달은 가격뿐 아니라 환경성과 지속가능성을 고려하는 조달이다. 경쟁 절차 생략이나 중소기업 배제와는 무관하다.<br><br><b>근거</b>: 녹색조달은 공공부문의 구매력을 활용해 환경적 지속가능성을 높이고 친환경 제품·서비스의 수요를 촉진하는 전략적 조달 수단이다.<br><b>출처</b>: docs/공식책/공공조달의 이해.pdf#전략적-공공조달-녹색조달	subject_1 S1.M4.SB2.D1 positive source
공공조달의 환경적 지속가능성 개요에서 조심할 선택지는?<br><br>녹색조달의 취지로 옳은 것은?	① 공공구매 과정에서 환경성, 자원절약, 온실가스 감축 등 지속가능성을 고려하도록 하는 것이다. — 환경성과 지속가능성을 고려한다는 취지를 정확히 설명한다.<br>② 항상 가장 낮은 가격만을 기준으로 구매하도록 하는 것이다. — 최저가격만 보는 방식은 녹색조달 취지와 맞지 않는다.<br>③ 환경 기준을 이유로 모든 경쟁 절차를 생략하도록 하는 것이다. — 환경 기준이 있다고 경쟁 절차가 항상 생략되는 것은 아니다.<br>④ 중소기업 제품 구매를 전면 금지하는 것이다. — 녹색조달은 중소기업 제품 구매 금지를 의미하지 않는다.<br><br><b>난이도</b>: 기초	subject_1 S1.M4.SB2.D1 positive trap
[핵심개념] 수요정보 평가와 요구사항 분석	<b>출제 포인트</b>: 공공조달계획 수립에서는 수요정보를 평가하고 요구사항을 분석하여 조달 대상, 성능, 수량, 일정, 예산 등 계획 요소를 명확히 해야 한다.<br><br><b>문제 연결</b>: 요구사항 분석은 조달 목적과 조건을 구체화하는 초기 계획 활동이다. 사후 임의 변경이나 가격협상만을 의미하지 않는다.<br><b>출처</b>: docs/공식책/공공조달 계획분석.pdf#공공조달계획-수요정보-요구사항-분석	subject_2 S2.M1.SB1.D2 positive concept
[기본형] 수요정보 평가와 요구사항 분석에 대한 설명으로 옳은 것은?<br><br>① 수요기관의 목적, 물량, 성능, 일정, 예산 제약을 검토해 조달 요구사항을 구체화하는 과정이다.<br>② 공급업체가 낙찰된 뒤 임의로 요구사항을 새로 만드는 과정이다.<br>③ 입찰공고 이후에는 수요정보 검토가 전혀 필요 없는 절차이다.<br>④ 가격협상만을 의미하며 성능이나 일정은 고려하지 않는다.	<b>정답</b>: ① 수요기관의 목적, 물량, 성능, 일정, 예산 제약을 검토해 조달 요구사항을 구체화하는 과정이다.<br><br>요구사항 분석은 조달 목적과 조건을 구체화하는 초기 계획 활동이다. 사후 임의 변경이나 가격협상만을 의미하지 않는다.<br><br><b>근거</b>: 공공조달계획 수립에서는 수요정보를 평가하고 요구사항을 분석하여 조달 대상, 성능, 수량, 일정, 예산 등 계획 요소를 명확히 해야 한다.<br><b>출처</b>: docs/공식책/공공조달 계획분석.pdf#공공조달계획-수요정보-요구사항-분석	subject_2 S2.M1.SB1.D2 positive source
수요정보 평가와 요구사항 분석에서 조심할 선택지는?<br><br>수요정보 평가와 요구사항 분석에 대한 설명으로 옳은 것은?	① 수요기관의 목적, 물량, 성능, 일정, 예산 제약을 검토해 조달 요구사항을 구체화하는 과정이다. — 목적·물량·성능·일정·예산 검토를 모두 포함해 정답이다.<br>② 공급업체가 낙찰된 뒤 임의로 요구사항을 새로 만드는 과정이다. — 낙찰 후 공급업체가 임의로 요구사항을 만드는 절차가 아니다.<br>③ 입찰공고 이후에는 수요정보 검토가 전혀 필요 없는 절차이다. — 입찰공고 이후에도 질의·정정 등 검토가 필요할 수 있다.<br>④ 가격협상만을 의미하며 성능이나 일정은 고려하지 않는다. — 가격뿐 아니라 성능과 일정도 핵심 요소다.<br><br><b>난이도</b>: 기초	subject_2 S2.M1.SB1.D2 positive trap
[핵심개념] 공급정보 적정성 분석	<b>출제 포인트</b>: 공급정보 적정성 분석은 수요 요구사항이 시장에서 충족 가능한지, 공급자와 공급역량이 충분한지 검토하는 계획 수립 활동이다.<br><br><b>문제 연결</b>: 공급시장 정보 확인은 조달 가능성과 규격·예산 적정성을 판단하는 데 필요하다. 확인이 전혀 필요 없다는 설명은 틀리다.<br><b>출처</b>: docs/공식책/공공조달 계획분석.pdf#공급정보-적정성-분석	subject_2 S2.M1.SB2.D2 negative concept
[부정형] 공급정보 적정성 분석에 대한 설명으로 옳지 않은 것은?<br><br>① 시장에 존재하는 공급자, 제품·서비스, 기술 수준, 납품 가능성 등을 검토한다.<br>② 수요 요구사항과 시장 공급 가능성이 맞는지 확인한다.<br>③ 특정 업체의 주장만으로 규격과 예산의 적정성을 확정해서는 곤란하다.<br>④ 조달계획 단계에서는 공급시장 정보를 확인할 필요가 전혀 없다.	<b>정답</b>: ④ 조달계획 단계에서는 공급시장 정보를 확인할 필요가 전혀 없다.<br><br>공급시장 정보 확인은 조달 가능성과 규격·예산 적정성을 판단하는 데 필요하다. 확인이 전혀 필요 없다는 설명은 틀리다.<br><br><b>근거</b>: 공급정보 적정성 분석은 수요 요구사항이 시장에서 충족 가능한지, 공급자와 공급역량이 충분한지 검토하는 계획 수립 활동이다.<br><b>출처</b>: docs/공식책/공공조달 계획분석.pdf#공급정보-적정성-분석	subject_2 S2.M1.SB2.D2 negative source
공급정보 적정성 분석에서 조심할 선택지는?<br><br>공급정보 적정성 분석에 대한 설명으로 옳지 않은 것은?	① 시장에 존재하는 공급자, 제품·서비스, 기술 수준, 납품 가능성 등을 검토한다. — 공급자·기술·납품 가능성 검토는 적정성 분석의 내용이다.<br>② 수요 요구사항과 시장 공급 가능성이 맞는지 확인한다. — 수요와 공급 가능성의 정합성 확인이 핵심이다.<br>③ 특정 업체의 주장만으로 규격과 예산의 적정성을 확정해서는 곤란하다. — 특정 업체 주장만으로 확정하면 편향될 수 있다.<br>④ 조달계획 단계에서는 공급시장 정보를 확인할 필요가 전혀 없다. — 공급시장 정보 확인이 필요 없다는 설명은 정답이다.<br><br><b>난이도</b>: 중요	subject_2 S2.M1.SB2.D2 negative trap
[핵심개념] 다양한 공급방법의 장단점 분석	<b>출제 포인트</b>: 조달계획에서는 공급방법별 장단점, 경쟁성, 조달기간, 품질확보, 위험요인을 비교하여 목적에 맞는 조달 방식을 검토한다.<br><br><b>문제 연결</b>: 공급방법 분석은 상황별 적합한 조달 방식을 고르기 위한 비교 과정이다. 특정 방식만 고정하거나 일정·위험을 배제하지 않는다.<br><b>출처</b>: docs/공식책/공공조달 계획분석.pdf#공급방법-장단점-분석	subject_2 S2.M1.SB4.D2 concept-diff concept
[개념 구별] 공급방법의 장단점 분석에 대한 설명으로 옳은 것은?<br><br>① 일반경쟁, 제한경쟁, 수의계약, 다수공급자계약 등 방법별 경쟁성·신속성·품질확보 가능성을 비교한다.<br>② 항상 수의계약만 선택하는 것이 분석의 목적이다.<br>③ 공급방법은 계약 체결 후에만 정하므로 계획 단계에서 검토하지 않는다.<br>④ 공급방법 비교에서는 조달 위험과 일정 영향은 배제한다.	<b>정답</b>: ① 일반경쟁, 제한경쟁, 수의계약, 다수공급자계약 등 방법별 경쟁성·신속성·품질확보 가능성을 비교한다.<br><br>공급방법 분석은 상황별 적합한 조달 방식을 고르기 위한 비교 과정이다. 특정 방식만 고정하거나 일정·위험을 배제하지 않는다.<br><br><b>근거</b>: 조달계획에서는 공급방법별 장단점, 경쟁성, 조달기간, 품질확보, 위험요인을 비교하여 목적에 맞는 조달 방식을 검토한다.<br><b>출처</b>: docs/공식책/공공조달 계획분석.pdf#공급방법-장단점-분석	subject_2 S2.M1.SB4.D2 concept-diff source
다양한 공급방법의 장단점 분석에서 조심할 선택지는?<br><br>공급방법의 장단점 분석에 대한 설명으로 옳은 것은?	① 일반경쟁, 제한경쟁, 수의계약, 다수공급자계약 등 방법별 경쟁성·신속성·품질확보 가능성을 비교한다. — 여러 공급방법을 경쟁성·신속성·품질 측면에서 비교한다는 설명이 맞다.<br>② 항상 수의계약만 선택하는 것이 분석의 목적이다. — 수의계약만을 항상 선택하는 것이 목적은 아니다.<br>③ 공급방법은 계약 체결 후에만 정하므로 계획 단계에서 검토하지 않는다. — 공급방법은 계획 단계에서 사전에 검토해야 한다.<br>④ 공급방법 비교에서는 조달 위험과 일정 영향은 배제한다. — 위험과 일정 영향도 공급방법 선택의 중요한 판단 요소다.<br><br><b>난이도</b>: 중요	subject_2 S2.M1.SB4.D2 concept-diff trap
[핵심개념] 수요기관의 정보요청(규격, 과업 및 예산 등)에 대한 문서 작성 및 제출	<b>출제 포인트</b>: 수요기관의 정보요청에 대응할 때에는 규격, 과업, 예산 등 요청사항에 부합하는 객관적 자료와 증빙을 문서화하여 제출해야 한다.<br><br><b>문제 연결</b>: 정보요청 대응 문서는 요청사항에 맞는 객관적 검토자료와 증빙을 포함해야 한다. 담합, 무관한 홍보물, 기한 경과 자료는 부적절하다.<br><b>출처</b>: docs/공식책/공공조달 계획분석.pdf#수요기관-정보요청-문서작성-제출	subject_2 S2.M2.SB1.D2 box-blank concept
[박스 빈칸] 다음 설명의 ( ㄱ )에 들어갈 내용으로 가장 적절한 것은?<br><br><div style='border-left:3px solid #6f8f73;padding-left:10px'>수요기관이 규격, 과업범위, 예산 산정 근거 등에 관한 정보를 요청한 경우 공급자는 사실에 근거해 ( ㄱ )를 작성·제출하여야 한다.</div><br><br>① 규격·과업·예산 관련 검토자료와 증빙문서<br>② 입찰가격을 담합하기 위한 업체 간 합의서<br>③ 공고와 무관한 홍보물만 포함한 자료<br>④ 제출기한이 지난 뒤 임의로 작성한 사후 보고서	<b>정답</b>: ① 규격·과업·예산 관련 검토자료와 증빙문서<br><br>정보요청 대응 문서는 요청사항에 맞는 객관적 검토자료와 증빙을 포함해야 한다. 담합, 무관한 홍보물, 기한 경과 자료는 부적절하다.<br><br><b>근거</b>: 수요기관의 정보요청에 대응할 때에는 규격, 과업, 예산 등 요청사항에 부합하는 객관적 자료와 증빙을 문서화하여 제출해야 한다.<br><b>출처</b>: docs/공식책/공공조달 계획분석.pdf#수요기관-정보요청-문서작성-제출	subject_2 S2.M2.SB1.D2 box-blank source
수요기관의 정보요청(규격, 과업 및 예산 등)에 대한 문서 작성 및 제출에서 조심할 선택지는?<br><br>다음 설명의 ( ㄱ )에 들어갈 내용으로 가장 적절한 것은?	① 규격·과업·예산 관련 검토자료와 증빙문서 — 요청 내용과 증빙을 갖춘 문서 작성이라는 취지에 맞다.<br>② 입찰가격을 담합하기 위한 업체 간 합의서 — 담합 목적의 합의서는 위법·부당한 자료다.<br>③ 공고와 무관한 홍보물만 포함한 자료 — 요청사항과 무관한 홍보물만 제출하는 것은 적절하지 않다.<br>④ 제출기한이 지난 뒤 임의로 작성한 사후 보고서 — 제출기한과 요청 형식을 준수해야 한다.<br><br><b>난이도</b>: 기초	subject_2 S2.M2.SB1.D2 box-blank trap
[핵심개념] 당해 규격공개 관련 법규 준수 및 부합여부 검토	<b>출제 포인트</b>: 사전규격공개는 규격의 적정성, 특정 규격 편중 여부, 관련 법규 준수 여부를 검토하고 필요한 의견을 제시할 수 있는 단계이다.<br><br><b>문제 연결</b>: 사전규격공개 분석에서는 규격의 공정성, 법규 부합성, 특정 업체 편중 여부를 확인한다.<br><b>출처</b>: docs/공식책/공공조달 계획분석.pdf#사전규격공개-법규준수-검토	subject_2 S2.M2.SB2.D3 positive concept
[기본형] 사전규격공개 분석 시 법규 준수 여부 검토에 대한 설명으로 옳은 것은?<br><br>① 특정 규격·조건이 과도하게 특정 업체에 유리하지 않은지, 관련 법령과 공고 기준에 부합하는지 검토한다.<br>② 사전규격공개 단계에서는 법령 위반 가능성을 검토할 수 없다.<br>③ 규격이 특정 업체 제품명과 완전히 동일해도 언제나 문제가 없다.<br>④ 예산 적정성과 법규 부합 여부는 조달계획과 무관하다.	<b>정답</b>: ① 특정 규격·조건이 과도하게 특정 업체에 유리하지 않은지, 관련 법령과 공고 기준에 부합하는지 검토한다.<br><br>사전규격공개 분석에서는 규격의 공정성, 법규 부합성, 특정 업체 편중 여부를 확인한다.<br><br><b>근거</b>: 사전규격공개는 규격의 적정성, 특정 규격 편중 여부, 관련 법규 준수 여부를 검토하고 필요한 의견을 제시할 수 있는 단계이다.<br><b>출처</b>: docs/공식책/공공조달 계획분석.pdf#사전규격공개-법규준수-검토	subject_2 S2.M2.SB2.D3 positive source
당해 규격공개 관련 법규 준수 및 부합여부 검토에서 조심할 선택지는?<br><br>사전규격공개 분석 시 법규 준수 여부 검토에 대한 설명으로 옳은 것은?	① 특정 규격·조건이 과도하게 특정 업체에 유리하지 않은지, 관련 법령과 공고 기준에 부합하는지 검토한다. — 특정 업체 편중과 법규 부합성 검토를 정확히 설명한다.<br>② 사전규격공개 단계에서는 법령 위반 가능성을 검토할 수 없다. — 사전규격공개 단계는 위반 가능성을 사전에 검토하기 위한 절차다.<br>③ 규격이 특정 업체 제품명과 완전히 동일해도 언제나 문제가 없다. — 특정 제품명 중심 규격은 경쟁 제한 문제가 될 수 있다.<br>④ 예산 적정성과 법규 부합 여부는 조달계획과 무관하다. — 예산과 법규 부합성은 조달계획의 핵심 검토사항이다.<br><br><b>난이도</b>: 중요	subject_2 S2.M2.SB2.D3 positive trap
[핵심개념] 기술협상	<b>출제 포인트</b>: 기술협상은 우선협상대상자와 제안 내용, 과업범위, 수행방법, 일정, 인력 배치 등 기술적 사항을 협의해 계약 내용을 구체화하는 절차이다.<br><br><b>문제 연결</b>: 기술협상은 제안서 평가 이후 계약 내용 중 기술적 조건을 구체화하는 단계다. 가격협상이나 하자보수와 구분해야 한다.<br><b>출처</b>: docs/공식책/공공조달 계획분석.pdf#계약의-협상-기술협상	subject_2 S2.M3.SB3.D2 positive concept
[기본형] 협상에 의한 계약에서 기술협상에 대한 설명으로 옳은 것은?<br><br>① 제안내용, 과업수행 방법, 일정, 인력, 산출물 등 기술적 조건을 조정·확정하는 과정이다.<br>② 기술협상은 가격을 임의로 올리기 위한 절차만을 의미한다.<br>③ 기술협상에서는 제안요청서와 평가 결과를 전혀 고려하지 않는다.<br>④ 기술협상은 계약 체결 이후 하자보수 단계에서만 진행된다.	<b>정답</b>: ① 제안내용, 과업수행 방법, 일정, 인력, 산출물 등 기술적 조건을 조정·확정하는 과정이다.<br><br>기술협상은 제안서 평가 이후 계약 내용 중 기술적 조건을 구체화하는 단계다. 가격협상이나 하자보수와 구분해야 한다.<br><br><b>근거</b>: 기술협상은 우선협상대상자와 제안 내용, 과업범위, 수행방법, 일정, 인력 배치 등 기술적 사항을 협의해 계약 내용을 구체화하는 절차이다.<br><b>출처</b>: docs/공식책/공공조달 계획분석.pdf#계약의-협상-기술협상	subject_2 S2.M3.SB3.D2 positive source
기술협상에서 조심할 선택지는?<br><br>협상에 의한 계약에서 기술협상에 대한 설명으로 옳은 것은?	① 제안내용, 과업수행 방법, 일정, 인력, 산출물 등 기술적 조건을 조정·확정하는 과정이다. — 제안내용과 과업 수행 조건을 조정·확정한다는 설명이 맞다.<br>② 기술협상은 가격을 임의로 올리기 위한 절차만을 의미한다. — 가격 조정만을 의미하지 않는다.<br>③ 기술협상에서는 제안요청서와 평가 결과를 전혀 고려하지 않는다. — 제안요청서와 평가 결과를 기초로 협상한다.<br>④ 기술협상은 계약 체결 이후 하자보수 단계에서만 진행된다. — 계약 체결 이후 하자보수 단계만을 의미하지 않는다.<br><br><b>난이도</b>: 기초	subject_2 S2.M3.SB3.D2 positive trap
[핵심개념] 가격협상	<b>출제 포인트</b>: 가격협상은 제안가격과 예정가격, 협상 결과 및 계약예규 등 관련 기준을 고려하여 계약금액과 조건을 확정하는 절차이다.<br><br><b>문제 연결</b>: 가격협상은 관련 기준 안에서 계약금액의 적정성을 협의하는 절차다. 공고와 계약예규를 무시하는 임의 결정은 부적절하다.<br><b>출처</b>: docs/공식책/공공조달 계획분석.pdf#계약의-협상-가격협상	subject_2 S2.M3.SB3.D3 negative concept
[부정형] 가격협상에 대한 설명으로 옳지 않은 것은?<br><br>① 예정가격, 제안가격, 과업범위 등을 고려해 계약금액의 적정성을 협의할 수 있다.<br>② 기술협상 결과에 따른 과업 조정이 가격협상에 영향을 줄 수 있다.<br>③ 가격협상은 계약 체결 전 계약조건을 확정하는 과정과 연결된다.<br>④ 가격협상에서는 공고와 계약예규의 기준을 무시하고 임의 금액으로만 정해야 한다.	<b>정답</b>: ④ 가격협상에서는 공고와 계약예규의 기준을 무시하고 임의 금액으로만 정해야 한다.<br><br>가격협상은 관련 기준 안에서 계약금액의 적정성을 협의하는 절차다. 공고와 계약예규를 무시하는 임의 결정은 부적절하다.<br><br><b>근거</b>: 가격협상은 제안가격과 예정가격, 협상 결과 및 계약예규 등 관련 기준을 고려하여 계약금액과 조건을 확정하는 절차이다.<br><b>출처</b>: docs/공식책/공공조달 계획분석.pdf#계약의-협상-가격협상	subject_2 S2.M3.SB3.D3 negative source
가격협상에서 조심할 선택지는?<br><br>가격협상에 대한 설명으로 옳지 않은 것은?	① 예정가격, 제안가격, 과업범위 등을 고려해 계약금액의 적정성을 협의할 수 있다. — 예정가격과 과업범위 고려는 가격협상의 주요 내용이다.<br>② 기술협상 결과에 따른 과업 조정이 가격협상에 영향을 줄 수 있다. — 기술협상 결과가 가격 조건에 영향을 줄 수 있다.<br>③ 가격협상은 계약 체결 전 계약조건을 확정하는 과정과 연결된다. — 계약 체결 전 조건 확정과 연결된다.<br>④ 가격협상에서는 공고와 계약예규의 기준을 무시하고 임의 금액으로만 정해야 한다. — 관련 기준을 무시한다는 설명은 옳지 않으므로 정답이다.<br><br><b>난이도</b>: 함정	subject_2 S2.M3.SB3.D3 negative trap
